player,age,team,pos,g,gs,mp,fg,fga,fg_percent,three_points,three_pointsa,three_points_percent,two_points,two_pointsa,two_points_percent,efg_percent,ft,fta,ft_percent,orb,drb,trb,ast,stl,blk,tov,pf,pts,points_per_game,points_per_minute
Luka Dončić,26.0,LAL,PG,36.0,36.0,36.4,10.4,22.4,0.467,3.4,10.2,0.334,7.0,12.2,0.578,0.543,9.1,11.5,0.79,0.9,6.9,7.8,8.7,1.6,0.5,4.3,2.7,33.4,0.9277777777777777,0.9175824175824175
Shai Gilgeous-Alexander,27.0,OKC,PG,44.0,44.0,33.4,11.1,19.9,0.557,1.9,4.8,0.396,9.2,15.1,0.608,0.605,8.3,9.2,0.894,0.5,3.9,4.4,6.2,1.3,0.8,2.0,2.0,32.3,0.734090909090909,0.967065868263473
Tyrese Maxey,25.0,PHI,PG,42.0,42.0,39.5,10.5,22.3,0.472,3.5,8.9,0.392,7.0,13.4,0.526,0.551,5.3,6.0,0.882,0.3,4.0,4.3,6.8,2.1,1.0,2.5,2.1,29.9,0.7119047619047618,0.7569620253164556
Jaylen Brown,29.0,BOS,SF,42.0,42.0,34.5,10.9,22.6,0.484,2.2,6.0,0.362,8.7,16.5,0.528,0.532,5.8,7.4,0.781,1.3,5.5,6.8,4.9,1.0,0.4,3.7,2.9,29.8,0.7095238095238096,0.863768115942029
Anthony Edwards,24.0,MIN,SG,36.0,36.0,35.2,10.2,20.7,0.495,3.5,8.6,0.406,6.8,12.1,0.557,0.579,5.7,7.2,0.795,0.6,4.4,5.1,3.7,1.3,0.8,2.6,2.0,29.6,0.8222222222222223,0.8409090909090908
Nikola Jokić,30.0,DEN,C,32.0,32.0,34.6,10.6,17.5,0.605,2.1,4.8,0.435,8.5,12.7,0.67,0.665,6.3,7.4,0.853,3.0,9.1,12.2,11.0,1.4,0.8,3.5,2.8,29.6,0.925,0.8554913294797688
Donovan Mitchell,29.0,CLE,SG,43.0,43.0,34.2,10.1,21.0,0.482,3.8,9.9,0.38,6.3,11.1,0.574,0.572,5.1,6.1,0.84,0.9,3.9,4.8,5.8,1.5,0.2,3.1,2.5,29.1,0.6767441860465117,0.8508771929824561
Kawhi Leonard,34.0,LAC,SF,31.0,31.0,33.5,9.7,19.5,0.497,2.9,7.3,0.4,6.8,12.3,0.554,0.571,5.8,6.1,0.942,0.9,5.3,6.2,3.5,2.2,0.6,2.1,1.4,28.1,0.9064516129032258,0.8388059701492537
Giannis Antetokounmpo,31.0,MIL,PF,30.0,30.0,29.2,10.5,16.2,0.645,0.5,1.3,0.395,10.0,15.0,0.666,0.66,6.5,9.9,0.658,2.8,7.2,10.0,5.6,0.9,0.7,3.3,2.6,28.0,0.9333333333333333,0.9589041095890412
Jalen Brunson,29.0,NYK,PG,40.0,39.0,34.5,10.0,21.0,0.477,3.0,7.8,0.384,7.0,13.2,0.532,0.548,5.0,5.9,0.847,0.5,2.7,3.2,6.1,0.7,0.1,2.3,2.5,28.0,0.7,0.8115942028985508
Lauri Markkanen,28.0,UTA,PF,33.0,33.0,36.0,9.5,19.7,0.483,2.9,8.0,0.365,6.6,11.7,0.563,0.557,6.0,6.8,0.884,2.0,5.2,7.2,2.2,1.0,0.5,1.6,2.0,27.9,0.8454545454545455,0.7749999999999999
Stephen Curry,37.0,GSW,PG,36.0,36.0,31.7,9.1,19.3,0.47,4.6,11.6,0.392,4.5,7.7,0.586,0.588,4.6,5.0,0.928,0.4,3.3,3.7,4.9,1.1,0.4,2.8,2.0,27.4,0.7611111111111111,0.8643533123028391
Austin Reaves,27.0,LAL,SG,23.0,22.0,35.3,8.2,16.2,0.507,2.7,7.4,0.365,5.5,8.8,0.626,0.59,7.5,8.6,0.873,0.7,4.5,5.2,6.3,1.0,0.2,3.3,2.3,26.6,1.1565217391304348,0.7535410764872522
Kevin Durant,37.0,HOU,SF,41.0,41.0,36.9,9.2,17.9,0.516,2.3,5.7,0.406,6.9,12.2,0.567,0.58,5.5,6.2,0.885,0.4,5.0,5.5,4.6,0.7,1.0,3.1,2.1,26.3,0.6414634146341464,0.7127371273712737
Deni Avdija,25.0,POR,SF,42.0,42.0,34.9,7.9,16.8,0.471,2.3,6.4,0.356,5.6,10.4,0.542,0.539,7.9,9.8,0.807,1.0,6.0,7.1,6.9,0.8,0.6,3.9,2.7,26.0,0.6190476190476191,0.7449856733524356
Jamal Murray,28.0,DEN,PG,41.0,41.0,35.4,9.3,18.9,0.49,3.4,7.5,0.448,5.9,11.4,0.518,0.579,4.0,4.5,0.892,0.4,3.9,4.3,7.3,1.0,0.3,2.4,1.6,26.0,0.6341463414634146,0.7344632768361582
James Harden,36.0,LAC,PG,41.0,41.0,35.7,7.5,17.9,0.419,3.0,8.9,0.342,4.4,8.9,0.497,0.505,7.8,8.7,0.899,0.6,4.2,4.8,8.1,1.3,0.3,3.7,1.9,25.8,0.6292682926829268,0.7226890756302521
Devin Booker,29.0,PHO,SG,41.0,41.0,34.0,8.4,18.4,0.456,1.7,5.5,0.313,6.7,12.9,0.517,0.503,7.0,8.0,0.864,0.8,3.2,4.0,6.2,0.9,0.3,3.3,2.6,25.4,0.6195121951219512,0.7470588235294118
Michael Porter Jr.,27.0,BRK,SF,35.0,34.0,33.2,9.0,18.7,0.481,3.8,9.6,0.394,5.2,9.1,0.572,0.582,3.7,4.3,0.849,1.3,6.1,7.4,3.2,1.0,0.2,2.5,2.1,25.4,0.7257142857142856,0.7650602409638553
Cade Cunningham,24.0,DET,PG,37.0,37.0,35.5,8.8,19.4,0.451,1.9,5.9,0.321,6.9,13.5,0.508,0.5,5.9,7.2,0.823,1.0,4.8,5.8,9.7,1.5,0.8,3.9,3.3,25.3,0.6837837837837838,0.7126760563380282
Joel Embiid,31.0,PHI,C,25.0,25.0,30.6,8.4,17.4,0.486,1.1,4.0,0.28,7.3,13.4,0.548,0.518,7.1,8.3,0.855,2.1,5.3,7.4,3.6,0.6,1.1,3.1,2.0,25.1,1.004,0.8202614379084967
Victor Wembanyama,22.0,SAS,C,31.0,22.0,28.8,8.5,16.6,0.51,1.9,4.8,0.389,6.6,11.8,0.559,0.566,5.7,6.7,0.846,2.0,8.9,10.9,2.9,0.8,2.6,2.7,2.8,24.5,0.7903225806451613,0.8506944444444444
Keyonte George,22.0,UTA,PG,45.0,45.0,34.4,7.6,16.7,0.455,2.6,6.9,0.373,5.0,9.8,0.514,0.533,6.5,7.2,0.904,0.5,3.4,3.9,6.6,1.1,0.3,3.4,2.4,24.2,0.5377777777777778,0.7034883720930233
Pascal Siakam,31.0,IND,PF,44.0,44.0,33.9,8.9,18.5,0.483,1.9,4.8,0.385,7.1,13.7,0.517,0.533,4.0,6.0,0.677,1.6,5.3,6.9,4.0,1.1,0.4,2.2,2.6,23.8,0.5409090909090909,0.7020648967551623
Norman Powell,32.0,MIA,SG,40.0,40.0,30.7,7.8,16.2,0.481,2.9,7.3,0.4,4.9,8.9,0.546,0.57,4.8,5.7,0.838,0.3,3.3,3.6,2.7,1.2,0.2,1.9,2.2,23.3,0.5825,0.758957654723127
Jalen Johnson,24.0,ATL,SF,43.0,43.0,35.6,8.6,16.9,0.512,1.6,4.6,0.357,7.0,12.3,0.569,0.56,4.3,5.5,0.78,1.5,9.0,10.5,8.0,1.2,0.5,3.5,2.0,23.2,0.5395348837209302,0.6516853932584269
Julius Randle,31.0,MIN,PF,45.0,45.0,33.6,7.8,15.8,0.494,1.6,4.7,0.34,6.2,11.1,0.559,0.544,5.4,6.6,0.811,1.7,5.3,7.0,5.4,1.1,0.2,2.6,2.8,22.6,0.5022222222222222,0.6726190476190477
LeBron James,41.0,LAL,SF,27.0,27.0,33.4,8.3,16.3,0.508,1.6,4.7,0.331,6.7,11.6,0.58,0.556,4.1,5.6,0.742,0.7,5.3,6.0,6.9,1.1,0.7,2.8,1.4,22.3,0.825925925925926,0.6676646706586827
Trey Murphy III,25.0,NOP,SF,43.0,43.0,35.7,7.8,15.8,0.494,3.1,8.1,0.381,4.7,7.7,0.614,0.592,3.6,4.0,0.906,1.1,4.9,6.0,3.6,1.6,0.3,1.9,2.1,22.3,0.5186046511627908,0.6246498599439776
Franz Wagner,24.0,ORL,SF,26.0,26.0,32.8,7.6,15.8,0.482,1.5,4.1,0.368,6.1,11.7,0.521,0.529,5.5,6.6,0.826,1.6,4.5,6.1,3.6,1.1,0.3,1.8,2.3,22.2,0.8538461538461538,0.676829268292683
Zion Williamson,25.0,NOP,PF,31.0,24.0,28.9,8.2,14.1,0.58,0.0,0.1,0.0,8.2,14.0,0.584,0.58,5.6,8.1,0.694,2.2,3.7,5.9,3.4,1.2,0.6,2.3,2.3,22.0,0.7096774193548387,0.7612456747404844
Tyler Herro,26.0,MIA,SG,11.0,10.0,31.7,8.2,16.5,0.497,2.2,6.1,0.358,6.0,10.4,0.579,0.564,3.4,3.7,0.902,0.5,4.2,4.7,2.7,1.0,0.5,1.5,2.0,21.9,1.9909090909090907,0.6908517350157728
Shaedon Sharpe,22.0,POR,SG,42.0,36.0,30.1,8.2,18.1,0.455,2.1,6.1,0.339,6.2,12.0,0.515,0.513,3.3,4.3,0.777,1.1,3.5,4.6,2.7,1.5,0.1,3.1,2.0,21.9,0.5214285714285714,0.7275747508305647
Brandon Ingram,28.0,TOR,SF,45.0,45.0,34.0,8.1,17.1,0.471,1.8,5.0,0.362,6.3,12.2,0.516,0.523,3.8,4.6,0.834,0.8,5.1,6.0,3.8,0.8,0.8,2.7,1.9,21.7,0.4822222222222222,0.638235294117647
Alperen Şengün,23.0,HOU,C,36.0,36.0,34.2,8.2,16.2,0.508,0.6,2.1,0.299,7.6,14.1,0.54,0.527,4.1,6.0,0.693,2.8,6.2,9.0,6.4,1.5,1.0,3.3,3.2,21.2,0.5888888888888889,0.6198830409356725
Paolo Banchero,23.0,ORL,PF,34.0,34.0,33.9,7.1,15.6,0.455,1.1,3.8,0.287,6.0,11.8,0.509,0.49,5.9,7.7,0.763,1.0,7.6,8.6,4.9,0.7,0.6,2.9,2.1,21.1,0.6205882352941177,0.6224188790560473
De'Aaron Fox,28.0,SAS,PG,36.0,36.0,32.5,7.5,15.7,0.479,2.1,6.0,0.355,5.4,9.7,0.556,0.547,3.3,4.1,0.797,0.7,3.5,4.2,5.9,1.3,0.3,2.4,2.3,20.5,0.5694444444444444,0.6307692307692307
Karl-Anthony Towns,30.0,NYK,C,42.0,41.0,31.6,6.7,14.2,0.469,1.7,4.6,0.364,5.0,9.6,0.52,0.528,5.5,6.5,0.856,2.9,8.5,11.4,2.9,0.9,0.7,2.6,3.7,20.5,0.4880952380952381,0.6487341772151899
Anthony Davis,32.0,DAL,PF,20.0,20.0,31.3,8.5,16.7,0.506,0.5,1.9,0.27,8.0,14.9,0.535,0.521,3.0,4.1,0.728,3.1,8.0,11.1,2.8,1.1,1.7,2.1,2.1,20.4,1.02,0.6517571884984025
Nickeil Alexander-Walker,27.0,ATL,SG,45.0,38.0,32.9,6.9,15.7,0.442,3.1,8.1,0.379,3.9,7.6,0.509,0.54,3.4,3.8,0.873,0.6,2.9,3.5,3.5,1.1,0.6,2.0,2.1,20.3,0.45111111111111113,0.6170212765957447
Dillon Brooks,30.0,PHO,SF,39.0,39.0,30.8,7.4,17.0,0.435,2.4,7.1,0.344,4.9,9.9,0.5,0.507,3.0,3.5,0.855,0.7,2.8,3.5,1.7,1.1,0.1,1.9,3.4,20.2,0.5179487179487179,0.6558441558441558
Jimmy Butler,36.0,GSW,SF,38.0,38.0,31.1,6.3,12.2,0.519,0.8,2.2,0.376,5.5,9.9,0.552,0.554,6.5,7.6,0.864,2.3,3.2,5.6,4.9,1.4,0.2,1.6,1.2,20.0,0.5263157894736842,0.6430868167202572
Brandon Miller,23.0,CHO,SF,29.0,29.0,30.1,7.0,16.6,0.424,2.8,7.9,0.358,4.2,8.7,0.484,0.509,3.1,3.7,0.85,1.1,3.3,4.4,3.5,1.0,0.9,2.7,2.8,20.0,0.6896551724137931,0.6644518272425249
Scottie Barnes,24.0,TOR,PF,46.0,46.0,34.6,7.7,15.3,0.501,1.0,3.2,0.315,6.7,12.2,0.55,0.534,3.3,4.0,0.826,2.2,6.1,8.2,5.5,1.3,1.4,2.7,2.8,19.7,0.42826086956521736,0.569364161849711
Zach LaVine,30.0,SAC,SG,34.0,33.0,32.2,6.9,14.1,0.486,2.7,6.7,0.399,4.2,7.4,0.565,0.581,3.0,3.5,0.866,0.2,2.6,2.8,2.3,0.7,0.3,2.0,2.1,19.5,0.5735294117647058,0.6055900621118012
Ja Morant,26.0,MEM,PG,20.0,20.0,28.5,6.6,16.1,0.41,1.0,4.3,0.235,5.6,11.9,0.473,0.441,5.3,5.9,0.897,0.4,2.9,3.3,8.1,1.0,0.3,3.6,2.0,19.5,0.975,0.6842105263157895
LaMelo Ball,24.0,CHO,PG,36.0,33.0,27.4,6.8,16.7,0.407,3.3,9.2,0.361,3.5,7.5,0.463,0.507,2.4,2.7,0.885,0.9,4.1,5.0,7.6,1.2,0.3,3.1,2.7,19.3,0.5361111111111111,0.7043795620437957
Trae Young,27.0,ATL,PG,10.0,10.0,28.0,5.6,13.5,0.415,1.8,5.9,0.305,3.8,7.6,0.5,0.481,6.3,7.3,0.863,0.0,1.5,1.5,8.9,1.0,0.1,2.6,2.0,19.3,1.9300000000000002,0.6892857142857143
RJ Barrett,25.0,TOR,SF,24.0,24.0,30.0,7.2,14.5,0.494,1.8,5.4,0.341,5.3,9.1,0.584,0.557,3.0,4.5,0.682,0.8,4.3,5.1,3.6,0.8,0.2,1.6,2.4,19.2,0.7999999999999999,0.64
Jerami Grant,31.0,POR,PF,30.0,14.0,29.4,5.7,13.3,0.432,2.3,6.2,0.378,3.4,7.1,0.479,0.52,5.4,6.4,0.853,1.0,2.7,3.7,2.5,0.7,0.7,2.2,2.8,19.2,0.64,0.653061224489796
Desmond Bane,27.0,ORL,SG,44.0,44.0,34.0,6.9,15.2,0.453,1.7,5.0,0.339,5.2,10.3,0.508,0.508,3.5,3.7,0.933,1.3,3.2,4.5,4.5,0.8,0.5,2.2,3.0,18.9,0.4295454545454545,0.5558823529411764
DeMar DeRozan,36.0,SAC,PF,46.0,46.0,33.5,6.7,13.3,0.506,0.7,2.1,0.354,6.0,11.2,0.534,0.534,4.7,5.4,0.874,0.5,2.8,3.3,3.9,1.4,0.2,1.1,2.1,18.9,0.41086956521739126,0.5641791044776119
Jaren Jackson Jr.,26.0,MEM,C,41.0,41.0,30.5,7.0,14.6,0.479,1.7,4.6,0.363,5.3,9.9,0.533,0.537,3.3,4.2,0.779,0.9,4.8,5.7,1.9,0.9,1.5,2.3,3.8,18.9,0.4609756097560975,0.6196721311475409
Kon Knueppel,20.0,CHO,SF,45.0,44.0,32.2,6.6,13.6,0.481,3.3,7.8,0.422,3.2,5.8,0.562,0.603,2.5,2.8,0.895,1.2,4.3,5.5,3.5,0.7,0.2,2.2,2.3,18.9,0.42,0.5869565217391304
Cooper Flagg,19.0,DAL,SF,43.0,43.0,33.8,7.2,15.2,0.473,1.0,3.5,0.28,6.2,11.7,0.531,0.505,3.4,4.3,0.795,1.2,5.2,6.4,4.1,1.3,0.7,2.2,2.3,18.8,0.4372093023255814,0.5562130177514794
Josh Giddey,23.0,CHI,PG,32.0,30.0,32.3,6.5,14.0,0.464,1.8,4.7,0.373,4.8,9.3,0.51,0.527,4.1,5.3,0.765,1.2,7.7,8.8,8.9,0.9,0.3,3.6,1.7,18.8,0.5875,0.5820433436532508
Coby White,25.0,CHI,SG,24.0,21.0,28.7,6.1,13.5,0.451,2.6,7.1,0.363,3.5,6.4,0.549,0.546,4.1,5.1,0.797,0.3,3.2,3.5,4.7,0.7,0.1,3.1,2.3,18.8,0.7833333333333333,0.6550522648083624
Miles Bridges,27.0,CHO,PF,45.0,45.0,32.7,6.6,14.9,0.445,2.2,6.7,0.334,4.4,8.2,0.535,0.52,3.2,3.8,0.832,1.0,5.2,6.2,3.5,0.5,0.5,1.4,1.8,18.7,0.41555555555555557,0.5718654434250764
CJ McCollum,34.0,2TM,PG,42.0,36.0,30.2,6.8,15.1,0.45,2.5,6.7,0.376,4.3,8.4,0.51,0.534,2.4,3.1,0.771,0.6,2.7,3.4,3.6,0.7,0.3,1.6,2.0,18.5,0.44047619047619047,0.6125827814569537
CJ McCollum,34.0,WAS,SG,35.0,35.0,30.9,6.9,15.1,0.454,2.7,7.0,0.393,4.1,8.1,0.505,0.544,2.3,2.9,0.804,0.7,2.9,3.5,3.6,0.7,0.3,1.7,2.1,18.8,0.5371428571428571,0.6084142394822007
CJ McCollum,34.0,ATL,PG,7.0,1.0,26.7,6.6,15.1,0.434,1.4,5.4,0.263,5.1,9.7,0.529,0.481,2.7,4.1,0.655,0.6,2.0,2.6,3.4,0.7,0.7,1.6,1.6,17.3,2.4714285714285715,0.6479400749063671
Amen Thompson,23.0,HOU,PG,43.0,43.0,37.3,7.1,13.8,0.513,0.4,1.9,0.195,6.7,11.9,0.564,0.527,3.8,4.8,0.797,2.8,4.9,7.7,5.2,1.4,0.6,2.5,2.3,18.4,0.42790697674418604,0.4932975871313673
Darius Garland,26.0,CLE,PG,26.0,26.0,30.5,6.5,14.5,0.451,2.3,6.3,0.36,4.3,8.2,0.521,0.529,2.6,3.0,0.861,0.5,2.0,2.4,6.9,0.8,0.1,2.8,1.8,18.0,0.6923076923076923,0.5901639344262295
Chet Holmgren,23.0,OKC,PF,40.0,40.0,29.2,6.8,11.8,0.572,1.4,3.7,0.384,5.4,8.2,0.656,0.631,3.1,4.0,0.77,1.8,6.8,8.6,1.6,0.6,2.0,1.7,2.7,18.0,0.45,0.6164383561643836
Evan Mobley,24.0,CLE,PF,41.0,39.0,33.3,6.9,13.5,0.511,1.1,3.8,0.303,5.7,9.7,0.592,0.553,3.0,4.6,0.644,2.3,6.4,8.8,4.1,0.9,2.0,2.1,2.5,17.9,0.4365853658536585,0.5375375375375375
Bam Adebayo,28.0,MIA,C,38.0,38.0,30.9,6.4,14.4,0.449,1.6,4.5,0.353,4.9,9.9,0.492,0.504,3.3,4.3,0.784,2.1,7.7,9.7,2.8,0.9,0.8,1.8,1.7,17.8,0.46842105263157896,0.5760517799352751
Jalen Duren,22.0,DET,C,36.0,36.0,28.3,7.0,11.2,0.627,0.0,0.0,0.0,7.0,11.2,0.627,0.627,3.8,5.3,0.723,3.9,6.8,10.8,1.8,0.9,0.9,2.1,3.1,17.8,0.49444444444444446,0.6289752650176679
Bennedict Mathurin,23.0,IND,SF,24.0,24.0,32.2,5.6,13.2,0.423,2.2,6.0,0.366,3.4,7.2,0.471,0.506,4.4,5.0,0.876,0.8,4.7,5.5,2.2,0.7,0.2,2.4,2.9,17.8,0.7416666666666667,0.5527950310559006
Aaron Gordon,30.0,DEN,PF,23.0,20.0,27.9,6.0,11.9,0.509,1.8,4.6,0.4,4.2,7.3,0.577,0.586,3.7,4.7,0.789,1.3,4.9,6.2,2.5,0.7,0.2,1.0,1.7,17.7,0.7695652173913043,0.6344086021505376
Andrew Nembhard,26.0,IND,PG,36.0,36.0,32.0,6.2,13.8,0.451,1.9,5.1,0.364,4.3,8.6,0.502,0.518,3.4,4.2,0.815,0.4,2.3,2.8,7.3,0.9,0.1,2.4,2.2,17.7,0.49166666666666664,0.553125
Derrick White,31.0,BOS,SG,43.0,43.0,34.2,6.0,15.5,0.388,2.9,9.1,0.321,3.1,6.4,0.484,0.483,2.6,2.9,0.888,1.0,3.6,4.6,5.4,1.3,1.5,1.8,1.7,17.6,0.4093023255813954,0.5146198830409356
Alex Sarr,20.0,WAS,C,35.0,35.0,28.3,7.0,13.9,0.505,0.9,2.7,0.344,6.1,11.1,0.545,0.539,2.4,3.4,0.708,2.1,5.2,7.3,2.7,0.8,2.1,1.7,2.0,17.4,0.4971428571428571,0.6148409893992932
Kristaps Porziņģis,30.0,ATL,C,17.0,12.0,24.3,5.6,12.4,0.457,1.8,5.1,0.36,3.8,7.3,0.524,0.531,4.0,4.8,0.84,1.2,3.9,5.1,2.7,0.5,1.3,0.9,3.2,17.1,1.0058823529411764,0.7037037037037037
Immanuel Quickley,26.0,TOR,PG,44.0,44.0,32.6,5.9,13.4,0.439,2.5,7.0,0.36,3.4,6.4,0.525,0.533,2.7,3.3,0.814,0.5,3.7,4.3,6.3,1.2,0.1,1.7,2.0,17.0,0.38636363636363635,0.5214723926380368
Stephon Castle,21.0,SAS,PG,36.0,36.0,31.0,5.6,12.5,0.451,1.1,3.9,0.282,4.5,8.6,0.529,0.496,4.5,6.3,0.721,1.2,3.9,5.0,7.1,1.3,0.3,3.5,3.5,16.9,0.4694444444444444,0.5451612903225806
Kevin Porter Jr.,25.0,MIL,PG,23.0,22.0,33.6,5.8,13.0,0.443,1.7,4.6,0.358,4.1,8.4,0.49,0.507,3.6,4.2,0.845,0.7,4.3,5.0,7.4,2.1,0.4,3.3,2.1,16.8,0.7304347826086957,0.5
Nikola Vučević,35.0,CHI,C,44.0,44.0,30.8,7.0,13.7,0.507,1.8,4.6,0.379,5.2,9.1,0.573,0.571,1.2,1.4,0.81,2.1,7.0,9.1,3.8,0.7,0.7,1.4,2.0,16.8,0.38181818181818183,0.5454545454545454
Jalen Williams,24.0,OKC,SG,24.0,24.0,29.6,6.6,14.0,0.47,0.8,2.5,0.3,5.8,11.5,0.507,0.497,2.9,3.5,0.833,0.7,4.1,4.8,5.6,1.3,0.4,2.0,2.1,16.8,0.7000000000000001,0.5675675675675675
Payton Pritchard,28.0,BOS,PG,44.0,44.0,32.8,6.3,13.9,0.45,2.5,7.3,0.344,3.8,6.6,0.567,0.54,1.7,1.9,0.869,1.0,3.4,4.4,5.4,0.8,0.1,1.1,1.5,16.7,0.3795454545454545,0.5091463414634146
Grayson Allen,30.0,PHO,SG,28.0,19.0,29.5,5.5,13.0,0.422,3.3,8.9,0.375,2.2,4.2,0.521,0.549,1.9,2.3,0.831,0.6,2.3,2.9,3.8,1.6,0.3,1.6,2.4,16.3,0.5821428571428572,0.552542372881356
Onyeka Okongwu,25.0,ATL,C,45.0,34.0,32.1,6.1,12.6,0.484,2.0,5.4,0.369,4.1,7.2,0.571,0.564,2.2,2.8,0.782,1.9,6.0,7.9,3.4,1.2,1.0,2.0,3.5,16.3,0.3622222222222222,0.5077881619937694
Cam Thomas,24.0,BRK,SG,20.0,8.0,24.3,5.3,13.3,0.395,1.7,5.0,0.333,3.6,8.4,0.431,0.457,4.0,4.7,0.851,0.4,1.4,1.8,3.1,0.2,0.1,1.9,1.5,16.2,0.8099999999999999,0.6666666666666666
Ryan Rollins,23.0,MIL,PG,44.0,39.0,31.6,6.2,13.4,0.459,2.3,5.8,0.392,3.9,7.6,0.509,0.543,1.5,2.0,0.764,0.8,3.6,4.5,5.4,1.5,0.4,2.3,2.8,16.1,0.36590909090909096,0.509493670886076
Domantas Sabonis,29.0,SAC,C,15.0,11.0,30.3,6.2,11.7,0.528,0.3,1.6,0.208,5.9,10.1,0.579,0.543,3.3,4.4,0.742,3.0,8.7,11.7,3.8,1.0,0.2,2.8,3.7,16.0,1.0666666666666667,0.528052805280528
Andrew Wiggins,30.0,MIA,SF,42.0,42.0,31.5,6.1,12.9,0.471,1.9,4.8,0.398,4.2,8.1,0.515,0.545,1.8,2.3,0.789,1.8,3.1,4.9,2.9,1.2,1.0,1.7,2.4,15.9,0.37857142857142856,0.5047619047619047
OG Anunoby,28.0,NYK,PF,35.0,34.0,32.8,5.5,11.9,0.46,1.9,5.4,0.344,3.6,6.5,0.558,0.539,2.9,3.7,0.798,1.5,4.1,5.5,2.3,1.7,0.7,2.1,2.5,15.7,0.44857142857142857,0.4786585365853659
Saddiq Bey,26.0,NOP,SF,40.0,32.0,29.9,5.5,12.1,0.45,1.7,5.1,0.335,3.8,7.0,0.534,0.521,3.1,3.8,0.828,1.6,4.0,5.6,2.3,0.9,0.1,0.6,1.1,15.7,0.39249999999999996,0.5250836120401338
Anthony Black,22.0,ORL,PG,44.0,24.0,30.7,5.6,12.3,0.46,1.6,4.6,0.356,4.0,7.7,0.522,0.527,2.7,3.8,0.723,0.8,3.3,4.1,4.0,1.3,0.7,2.4,2.8,15.6,0.35454545454545455,0.50814332247557
Mikal Bridges,29.0,NYK,SF,45.0,44.0,34.6,6.3,12.7,0.495,2.2,5.7,0.389,4.0,7.0,0.581,0.582,0.9,1.1,0.796,1.1,3.3,4.4,4.2,1.6,0.9,1.0,1.9,15.6,0.3466666666666667,0.4508670520231214
VJ Edgecombe,20.0,PHI,SG,40.0,40.0,36.0,5.8,13.5,0.431,2.1,5.8,0.366,3.7,7.7,0.48,0.51,1.9,2.5,0.765,1.7,3.6,5.3,4.2,1.5,0.5,1.9,3.3,15.6,0.39,0.43333333333333335
Kyshawn George,22.0,WAS,SF,35.0,35.0,31.2,5.6,12.4,0.453,2.2,5.7,0.387,3.4,6.7,0.509,0.542,2.1,2.7,0.774,1.0,4.8,5.8,5.1,1.1,0.9,3.0,4.1,15.5,0.44285714285714284,0.4967948717948718
Russell Westbrook,37.0,SAC,SF,46.0,40.0,29.7,5.7,13.1,0.435,2.0,5.8,0.351,3.7,7.3,0.503,0.513,2.0,2.9,0.696,1.4,4.7,6.1,6.8,1.4,0.2,3.3,2.5,15.5,0.33695652173913043,0.521885521885522
Paul George,35.0,PHI,PF,25.0,25.0,30.2,5.3,12.7,0.415,2.2,6.2,0.364,3.0,6.6,0.463,0.503,2.6,3.0,0.865,0.6,4.7,5.3,3.6,1.4,0.5,1.7,2.2,15.4,0.616,0.5099337748344371
Jrue Holiday,35.0,POR,PG,18.0,16.0,28.8,5.8,12.8,0.45,2.4,6.6,0.361,3.4,6.2,0.545,0.543,1.4,1.8,0.813,1.2,3.4,4.6,7.1,1.3,0.2,2.4,1.7,15.4,0.8555555555555556,0.5347222222222222
Jabari Smith Jr.,22.0,HOU,PF,42.0,42.0,35.0,5.5,12.9,0.431,2.2,6.3,0.346,3.4,6.5,0.515,0.517,2.0,2.7,0.743,1.6,5.3,6.9,1.9,0.7,0.9,1.3,2.7,15.3,0.3642857142857143,0.43714285714285717
Jaime Jaquez Jr.,24.0,MIA,SF,41.0,1.0,28.7,6.1,12.0,0.514,0.5,1.7,0.271,5.7,10.2,0.555,0.534,2.4,3.3,0.746,1.3,3.9,5.3,4.7,0.8,0.2,2.2,2.0,15.2,0.37073170731707317,0.5296167247386759
Jaden McDaniels,25.0,MIN,PF,43.0,43.0,32.2,5.7,11.1,0.516,1.4,3.3,0.417,4.3,7.7,0.559,0.579,2.2,2.7,0.842,1.2,3.4,4.6,2.9,1.1,1.0,1.7,3.4,15.1,0.3511627906976744,0.46894409937888193
Devin Vassell,25.0,SAS,SG,32.0,32.0,31.9,5.3,12.4,0.422,2.7,7.0,0.379,2.6,5.4,0.477,0.529,1.8,2.1,0.868,0.5,3.6,4.0,2.4,0.9,0.5,0.9,2.0,15.0,0.46875,0.4702194357366771
Matas Buzelis,21.0,CHI,PF,45.0,45.0,28.0,5.4,11.3,0.475,1.9,5.3,0.359,3.5,6.0,0.578,0.559,2.3,2.9,0.78,1.1,4.1,5.2,2.0,0.7,1.4,1.7,2.5,14.9,0.33111111111111113,0.5321428571428571
Collin Sexton,27.0,CHO,SG,37.0,12.0,23.0,5.0,10.1,0.493,1.3,3.4,0.387,3.7,6.8,0.546,0.557,3.5,3.9,0.877,0.4,1.5,1.9,3.9,0.9,0.1,2.2,1.7,14.8,0.4,0.6434782608695653
Jalen Suggs,24.0,ORL,PG,24.0,24.0,25.3,5.2,11.0,0.471,1.9,5.7,0.328,3.3,5.3,0.627,0.557,2.6,3.0,0.861,0.7,2.8,3.5,4.7,1.8,0.5,2.6,3.0,14.8,0.6166666666666667,0.5849802371541503
Ivica Zubac,28.0,LAC,C,38.0,37.0,31.2,6.3,10.5,0.603,0.0,0.0,0.0,6.3,10.5,0.603,0.603,2.2,2.9,0.732,3.7,7.4,11.1,2.3,0.4,0.9,1.9,2.4,14.8,0.38947368421052636,0.4743589743589744
Naji Marshall,28.0,DAL,SF,46.0,23.0,29.2,5.4,9.8,0.545,0.9,2.9,0.306,4.5,6.9,0.646,0.591,3.0,3.9,0.787,0.9,4.0,4.9,3.0,1.1,0.1,1.4,2.0,14.7,0.31956521739130433,0.5034246575342466
Keegan Murray,25.0,SAC,PF,19.0,18.0,35.9,5.8,13.6,0.429,1.3,4.8,0.272,4.5,8.8,0.515,0.477,1.6,2.0,0.789,1.6,4.5,6.1,1.5,1.2,1.6,1.2,1.9,14.6,0.7684210526315789,0.40668523676880225
Kelly Oubre Jr.,30.0,PHI,SF,22.0,17.0,32.5,5.4,11.0,0.49,1.9,4.9,0.38,3.5,6.0,0.579,0.575,2.0,2.7,0.733,0.9,3.7,4.6,1.5,1.2,0.7,1.4,2.6,14.6,0.6636363636363636,0.4492307692307692
Naz Reid,26.0,MIN,C,45.0,2.0,26.2,5.5,11.5,0.474,2.5,6.3,0.392,3.0,5.2,0.572,0.581,1.2,1.5,0.783,1.1,5.1,6.2,2.5,0.9,0.9,1.6,2.5,14.6,0.3244444444444444,0.5572519083969466
Jordan Poole,26.0,NOP,PG,28.0,6.0,25.4,4.5,12.1,0.37,2.5,7.5,0.336,1.9,4.5,0.425,0.475,3.0,3.5,0.876,0.2,1.6,1.8,3.1,0.7,0.3,1.9,2.4,14.5,0.5178571428571429,0.5708661417322834
Peyton Watson,23.0,DEN,SF,43.0,33.0,29.9,5.2,10.2,0.508,1.5,3.5,0.421,3.7,6.7,0.554,0.581,2.6,3.5,0.742,0.9,4.1,5.1,1.9,1.1,1.1,1.7,2.5,14.5,0.3372093023255814,0.48494983277591974
Walker Kessler,24.0,UTA,C,5.0,5.0,30.8,5.2,7.4,0.703,1.2,1.6,0.75,4.0,5.8,0.69,0.784,2.8,4.0,0.7,4.6,6.2,10.8,3.0,1.4,1.8,3.2,4.4,14.4,2.88,0.4675324675324675
Ayo Dosunmu,26.0,CHI,SG,39.0,7.0,25.9,5.3,10.4,0.51,1.9,4.2,0.457,3.4,6.2,0.546,0.603,1.8,2.2,0.857,0.7,2.0,2.7,3.5,0.7,0.3,1.2,1.7,14.3,0.3666666666666667,0.5521235521235521
Ajay Mitchell,23.0,OKC,SG,43.0,9.0,26.3,5.2,10.6,0.487,1.1,3.2,0.35,4.0,7.4,0.545,0.539,2.7,3.0,0.87,0.7,2.8,3.5,3.7,1.4,0.3,1.6,2.2,14.1,0.32790697674418606,0.5361216730038022
P.J. Washington,27.0,DAL,PF,33.0,31.0,30.9,5.3,11.8,0.451,1.3,4.0,0.316,4.0,7.7,0.522,0.505,2.2,3.3,0.685,1.4,5.8,7.2,1.8,1.1,1.4,2.1,2.3,14.1,0.42727272727272725,0.4563106796116505
Santi Aldama,25.0,MEM,PF,41.0,9.0,28.0,5.3,11.1,0.478,1.6,4.7,0.349,3.7,6.4,0.573,0.552,1.8,2.6,0.673,1.5,5.1,6.7,3.0,0.9,0.7,1.3,1.6,14.0,0.34146341463414637,0.5
Cedric Coward,22.0,MEM,SG,40.0,27.0,26.6,5.1,10.7,0.473,1.6,4.6,0.348,3.5,6.1,0.567,0.548,2.3,2.7,0.85,1.5,5.0,6.4,2.9,0.6,0.4,1.7,2.0,14.0,0.35,0.5263157894736842
Obi Toppin,27.0,IND,PF,3.0,0.0,27.3,5.0,12.0,0.417,1.0,5.7,0.176,4.0,6.3,0.632,0.458,3.0,3.0,1.0,1.0,5.7,6.7,1.7,1.0,0.0,2.0,2.3,14.0,4.666666666666667,0.5128205128205128
Jeremiah Fears,19.0,NOP,PG,47.0,44.0,26.3,5.2,12.0,0.435,1.0,3.2,0.325,4.2,8.8,0.475,0.478,2.3,2.9,0.809,0.7,3.0,3.7,3.1,1.2,0.3,2.3,1.8,13.9,0.2957446808510638,0.5285171102661597
Anfernee Simons,26.0,BOS,SG,45.0,0.0,24.6,5.0,11.4,0.435,2.6,6.6,0.396,2.4,4.8,0.488,0.55,1.4,1.5,0.884,0.5,2.0,2.5,2.5,0.5,0.1,1.2,1.7,13.9,0.3088888888888889,0.5650406504065041
De'Andre Hunter,28.0,CLE,SF,41.0,23.0,26.4,4.6,11.0,0.42,1.7,5.4,0.306,3.0,5.6,0.53,0.496,2.8,3.2,0.879,0.7,3.6,4.3,2.1,0.6,0.1,1.7,2.6,13.8,0.33658536585365856,0.5227272727272728
Sam Merrill,29.0,CLE,SG,24.0,15.0,25.8,4.5,9.6,0.47,3.5,7.8,0.455,1.0,1.8,0.535,0.654,1.3,1.4,0.882,0.7,1.7,2.4,2.3,0.7,0.1,0.9,2.8,13.8,0.5750000000000001,0.5348837209302326
Tim Hardaway Jr.,33.0,DEN,SG,45.0,5.0,27.2,4.5,10.1,0.443,2.8,7.0,0.392,1.7,3.1,0.557,0.579,2.0,2.2,0.9,0.2,2.2,2.4,1.4,0.5,0.2,0.5,1.2,13.7,0.3044444444444444,0.5036764705882353
Jaylon Tyson,23.0,CLE,SG,42.0,27.0,27.8,5.2,10.1,0.513,2.0,4.4,0.462,3.1,5.7,0.552,0.614,1.3,1.7,0.757,2.1,3.4,5.5,2.2,0.9,0.5,1.5,2.9,13.7,0.3261904761904762,0.49280575539568344
Deandre Ayton,27.0,LAL,C,39.0,39.0,28.7,6.2,9.4,0.662,0.0,0.0,0.0,6.2,9.4,0.662,0.662,1.1,1.7,0.632,2.5,6.2,8.7,0.8,0.7,1.0,1.5,2.4,13.6,0.3487179487179487,0.4738675958188153
Zach Edey,23.0,MEM,C,11.0,11.0,25.8,5.6,8.9,0.633,0.1,0.5,0.2,5.5,8.5,0.656,0.638,2.3,2.9,0.781,3.9,7.2,11.1,1.1,0.6,1.9,2.4,3.4,13.6,1.2363636363636363,0.5271317829457364
Jarrett Allen,27.0,CLE,C,35.0,35.0,27.1,5.1,8.7,0.59,0.0,0.2,0.125,5.1,8.5,0.603,0.592,3.1,3.9,0.775,2.2,5.7,7.9,1.9,1.0,0.8,1.5,1.9,13.4,0.38285714285714284,0.49446494464944646
Collin Gillespie,26.0,PHO,PG,45.0,26.0,28.3,4.7,10.6,0.444,2.9,6.9,0.424,1.8,3.7,0.482,0.582,1.1,1.3,0.847,1.0,3.1,4.1,4.8,1.4,0.3,1.7,1.5,13.4,0.2977777777777778,0.4734982332155477
Keldon Johnson,26.0,SAS,SF,45.0,0.0,24.0,5.1,9.1,0.556,1.2,3.1,0.406,3.8,6.0,0.632,0.624,2.1,2.6,0.788,1.9,4.1,6.0,1.3,0.7,0.1,0.9,1.9,13.4,0.2977777777777778,0.5583333333333333
Max Christie,22.0,DAL,SG,42.0,33.0,29.4,4.5,9.4,0.483,2.6,5.8,0.455,1.9,3.6,0.53,0.623,1.6,1.9,0.863,0.2,3.2,3.5,2.2,0.5,0.3,1.1,1.5,13.3,0.3166666666666667,0.45238095238095244
Quentin Grimes,25.0,PHI,SG,42.0,7.0,30.6,4.2,9.8,0.432,2.0,5.7,0.347,2.3,4.1,0.549,0.533,2.8,3.3,0.861,0.6,3.2,3.9,3.7,1.0,0.5,2.0,2.0,13.3,0.3166666666666667,0.434640522875817
Tobias Harris,33.0,DET,PF,28.0,28.0,27.4,4.9,10.7,0.455,1.3,4.0,0.327,3.5,6.6,0.532,0.517,2.2,2.6,0.849,1.0,3.6,4.5,2.4,0.8,0.3,1.1,2.0,13.3,0.47500000000000003,0.48540145985401467
Aaron Nesmith,26.0,IND,SF,25.0,22.0,30.4,4.4,12.2,0.359,2.4,6.9,0.349,2.0,5.3,0.371,0.457,2.2,2.7,0.806,1.5,3.6,5.2,2.2,0.7,0.6,1.4,2.8,13.3,0.532,0.43750000000000006
John Collins,28.0,LAC,PF,41.0,32.0,27.5,5.1,9.2,0.559,1.4,3.2,0.427,3.8,6.0,0.629,0.633,1.6,2.0,0.807,1.3,3.5,4.9,0.8,0.9,0.9,1.4,2.7,13.2,0.32195121951219513,0.48
Donte DiVincenzo,29.0,MIN,SG,45.0,45.0,31.9,4.4,10.7,0.414,3.0,8.1,0.375,1.4,2.6,0.534,0.556,1.2,1.6,0.767,1.0,3.6,4.6,4.2,1.3,0.5,1.4,2.5,13.2,0.29333333333333333,0.41379310344827586
Noah Clowney,21.0,BRK,PF,43.0,36.0,28.8,4.0,10.3,0.388,2.1,6.6,0.319,1.9,3.7,0.509,0.49,3.0,3.8,0.802,1.0,3.3,4.3,1.9,0.8,0.8,1.8,2.8,13.1,0.30465116279069765,0.4548611111111111
Bobby Portis,30.0,MIL,PF,44.0,6.0,23.7,5.2,10.8,0.486,2.0,4.3,0.465,3.3,6.5,0.5,0.578,0.7,0.9,0.75,1.2,5.2,6.5,1.5,0.5,0.2,1.0,1.7,13.1,0.29772727272727273,0.5527426160337553
Reed Sheppard,21.0,HOU,SG,43.0,4.0,25.0,4.8,10.9,0.44,2.5,6.2,0.407,2.3,4.7,0.485,0.556,0.9,1.2,0.769,0.3,2.1,2.5,3.1,1.4,0.5,1.2,2.0,13.1,0.30465116279069765,0.524
Toumani Camara,25.0,POR,PF,46.0,46.0,33.9,4.6,10.7,0.431,2.5,7.1,0.354,2.1,3.6,0.585,0.549,1.3,1.8,0.711,1.7,3.3,5.1,2.7,1.0,0.5,2.0,3.2,13.0,0.2826086956521739,0.3834808259587021
Miles McBride,25.0,NYK,SG,34.0,14.0,28.0,4.5,10.3,0.436,3.0,7.0,0.426,1.5,3.4,0.456,0.58,1.0,1.3,0.814,0.6,2.0,2.6,2.7,0.8,0.2,0.8,1.8,13.0,0.38235294117647056,0.4642857142857143
Tre Johnson,19.0,WAS,SG,37.0,19.0,25.3,4.7,10.5,0.444,2.2,5.6,0.393,2.5,5.0,0.5,0.547,1.4,1.6,0.881,0.5,2.3,2.8,2.2,0.6,0.3,1.5,1.8,12.9,0.34864864864864864,0.5098814229249012
Nic Claxton,26.0,BRK,C,41.0,39.0,29.8,5.2,8.9,0.584,0.0,0.3,0.167,5.1,8.6,0.598,0.587,2.4,3.7,0.647,2.6,4.9,7.5,4.0,0.7,1.4,1.4,2.2,12.8,0.3121951219512195,0.42953020134228187
Dennis Schröder,32.0,SAC,PG,36.0,12.0,26.5,4.3,10.5,0.414,1.4,4.1,0.345,2.9,6.4,0.459,0.481,2.7,3.3,0.815,0.5,2.6,3.1,5.4,0.8,0.1,1.9,1.7,12.8,0.35555555555555557,0.4830188679245283
Kyle Kuzma,30.0,MIL,PF,42.0,18.0,26.2,4.7,9.6,0.493,0.9,2.9,0.314,3.8,6.7,0.569,0.54,2.1,2.9,0.73,0.9,3.7,4.6,2.2,0.6,0.5,1.5,2.2,12.5,0.2976190476190476,0.4770992366412214
Tre Jones,26.0,CHI,PG,38.0,20.0,26.8,4.4,7.9,0.55,0.6,1.7,0.328,3.8,6.3,0.609,0.584,3.1,3.6,0.848,0.6,2.3,3.0,5.8,1.3,0.2,1.4,1.4,12.4,0.3263157894736842,0.4626865671641791
Derik Queen,21.0,NOP,C,46.0,34.0,26.0,4.8,9.8,0.49,0.2,0.9,0.19,4.6,8.8,0.521,0.499,2.6,3.3,0.786,1.7,5.7,7.4,4.4,1.1,0.9,2.5,2.8,12.4,0.26956521739130435,0.47692307692307695
Myles Turner,29.0,MIL,C,42.0,42.0,28.3,4.0,9.5,0.426,2.2,5.7,0.388,1.8,3.8,0.484,0.543,2.0,2.7,0.761,1.2,4.2,5.4,1.6,0.6,1.6,1.0,2.7,12.4,0.29523809523809524,0.4381625441696113
Brandon Williams,26.0,DAL,PG,40.0,11.0,22.2,4.4,9.7,0.456,0.5,2.5,0.19,3.9,7.2,0.549,0.481,3.2,4.0,0.788,0.6,2.4,2.9,3.7,1.1,0.2,2.0,1.7,12.4,0.31,0.5585585585585586
Malik Monk,27.0,SAC,SG,38.0,0.0,22.4,4.4,9.9,0.444,2.0,4.7,0.422,2.4,5.2,0.465,0.545,1.4,1.7,0.859,0.3,1.7,2.0,2.5,0.7,0.3,1.4,1.6,12.3,0.3236842105263158,0.5491071428571429
Wendell Carter Jr.,26.0,ORL,C,42.0,42.0,30.0,4.3,8.5,0.504,1.2,3.4,0.347,3.1,5.1,0.609,0.574,2.4,3.1,0.773,2.3,5.1,7.5,2.2,0.7,0.8,1.3,3.6,12.2,0.29047619047619044,0.4066666666666666
Brandin Podziemski,22.0,GSW,SG,46.0,14.0,26.8,4.3,9.4,0.463,1.8,4.6,0.393,2.5,4.8,0.529,0.559,1.7,2.3,0.736,0.7,3.8,4.4,3.4,1.1,0.2,1.4,1.9,12.2,0.2652173913043478,0.4552238805970149
Rui Hachimura,27.0,LAL,PF,34.0,27.0,30.5,4.7,9.5,0.5,1.8,4.2,0.427,2.9,5.3,0.559,0.595,0.9,1.1,0.769,0.8,2.9,3.6,0.9,0.6,0.3,0.8,1.7,12.1,0.3558823529411765,0.39672131147540984
Jonathan Kuminga,23.0,GSW,PF,20.0,13.0,23.8,4.4,9.7,0.454,0.9,2.7,0.321,3.6,7.1,0.504,0.497,2.5,3.3,0.742,1.5,4.4,5.9,2.5,0.4,0.3,2.3,1.7,12.1,0.605,0.5084033613445378
Duncan Robinson,31.0,DET,SF,41.0,41.0,28.9,4.0,9.2,0.438,2.9,7.3,0.403,1.1,1.9,0.57,0.597,1.1,1.6,0.734,0.4,2.4,2.8,1.9,0.7,0.4,0.7,2.2,12.1,0.2951219512195122,0.41868512110726647
Cam Spencer,25.0,MEM,SG,42.0,11.0,23.8,3.9,8.1,0.484,2.3,5.0,0.464,1.6,3.1,0.515,0.627,1.9,2.0,0.919,0.5,2.3,2.7,5.5,0.7,0.1,1.5,1.6,12.0,0.2857142857142857,0.5042016806722689
Mark Williams,24.0,PHO,C,40.0,36.0,23.9,4.7,7.2,0.652,0.0,0.0,1.0,4.7,7.2,0.65,0.653,2.6,3.4,0.784,3.2,5.0,8.2,1.0,1.1,1.0,1.1,2.3,12.0,0.3,0.502092050209205
Josh Hart,30.0,NYK,SF,34.0,19.0,30.5,4.5,9.1,0.497,1.6,3.9,0.398,2.9,5.1,0.571,0.583,1.4,1.8,0.742,1.7,6.1,7.8,5.2,1.2,0.3,2.1,2.6,11.9,0.35000000000000003,0.39016393442622954
Jaylen Wells,22.0,MEM,SG,43.0,43.0,27.0,4.1,10.0,0.405,1.7,5.2,0.326,2.4,4.8,0.49,0.49,2.0,2.6,0.777,1.0,2.5,3.5,1.7,0.9,0.1,1.2,2.0,11.9,0.27674418604651163,0.44074074074074077
Jalen Green,23.0,PHO,SG,4.0,2.0,13.5,4.0,9.3,0.432,2.0,4.8,0.421,2.0,4.5,0.444,0.541,1.8,2.3,0.778,0.5,1.3,1.8,2.0,0.5,0.0,1.3,0.8,11.8,2.95,0.8740740740740741
Julian Champagnie,24.0,SAS,SF,45.0,31.0,28.7,3.8,8.8,0.427,2.6,6.8,0.379,1.2,2.0,0.587,0.573,1.6,1.9,0.826,1.0,5.2,6.2,1.5,0.9,0.4,1.0,1.6,11.7,0.26,0.4076655052264808
Tari Eason,24.0,HOU,PF,23.0,9.0,23.7,4.5,9.4,0.475,2.1,4.5,0.466,2.4,5.0,0.482,0.585,0.7,1.1,0.615,2.0,4.1,6.1,1.6,1.3,0.6,1.7,2.0,11.7,0.508695652173913,0.49367088607594933
Cameron Johnson,29.0,DEN,SF,28.0,28.0,30.6,4.0,8.8,0.461,1.9,4.5,0.429,2.1,4.3,0.496,0.571,1.7,2.1,0.81,0.7,2.9,3.6,2.4,0.6,0.3,1.0,2.3,11.7,0.4178571428571428,0.38235294117647056
Brice Sensabaugh,22.0,UTA,SF,43.0,9.0,21.0,4.1,9.2,0.449,1.7,5.0,0.33,2.5,4.2,0.592,0.539,1.9,2.1,0.87,0.8,2.2,3.0,1.5,0.7,0.1,1.2,1.7,11.7,0.2720930232558139,0.5571428571428572
Klay Thompson,35.0,DAL,SF,43.0,8.0,22.0,4.1,10.6,0.389,2.9,7.7,0.38,1.2,2.9,0.416,0.527,0.5,0.8,0.697,0.3,2.2,2.5,1.4,0.5,0.3,0.9,1.0,11.7,0.2720930232558139,0.5318181818181817
Dyson Daniels,22.0,ATL,SG,45.0,45.0,34.2,5.1,10.3,0.498,0.2,1.4,0.109,5.0,8.9,0.56,0.505,1.1,1.8,0.622,2.2,4.5,6.7,6.2,1.8,0.4,2.1,2.2,11.6,0.2577777777777778,0.3391812865497076
Jock Landale,30.0,MEM,C,41.0,21.0,23.1,4.5,8.6,0.525,1.1,2.9,0.398,3.4,5.8,0.589,0.592,1.4,2.1,0.671,3.1,3.4,6.5,1.7,0.5,0.5,1.0,2.4,11.6,0.28292682926829266,0.5021645021645021
Kel'el Ware,21.0,MIA,C,43.0,27.0,23.8,4.6,8.5,0.54,1.2,2.9,0.415,3.4,5.7,0.602,0.609,1.2,1.5,0.815,3.2,6.6,9.8,0.6,0.9,1.1,1.0,1.6,11.6,0.2697674418604651,0.48739495798319327
Donovan Clingan,21.0,POR,C,42.0,42.0,27.4,4.3,8.1,0.535,0.9,2.9,0.311,3.4,5.2,0.661,0.591,1.7,2.5,0.67,4.4,6.5,10.9,1.9,0.5,1.2,1.0,2.4,11.3,0.2690476190476191,0.41240875912408764
Kevin Huerter,27.0,CHI,SF,40.0,10.0,23.8,4.3,9.3,0.464,1.6,5.1,0.319,2.7,4.2,0.639,0.551,1.0,1.3,0.769,0.5,3.2,3.7,2.6,0.8,0.6,1.2,2.0,11.3,0.28250000000000003,0.4747899159663866
Caleb Love,24.0,POR,SG,38.0,1.0,22.4,4.2,10.6,0.394,2.1,6.4,0.333,2.0,4.2,0.487,0.495,0.8,1.1,0.744,0.6,2.2,2.7,2.6,0.6,0.1,1.3,1.2,11.3,0.2973684210526316,0.5044642857142858
De'Anthony Melton,27.0,GSW,PG,20.0,0.0,20.9,4.1,9.4,0.433,1.4,4.5,0.303,2.7,4.9,0.551,0.505,1.9,2.4,0.787,0.6,2.1,2.7,2.0,1.4,0.6,1.5,2.3,11.3,0.5650000000000001,0.5406698564593302
Isaiah Hartenstein,27.0,OKC,C,24.0,24.0,26.9,4.8,7.5,0.644,0.0,0.2,0.0,4.8,7.3,0.659,0.644,1.5,2.4,0.649,3.4,7.0,10.4,3.0,1.1,0.8,2.1,2.9,11.2,0.4666666666666666,0.4163568773234201
Sandro Mamukelashvili,26.0,TOR,C,45.0,10.0,22.1,4.3,8.0,0.53,1.3,3.5,0.38,2.9,4.5,0.647,0.613,1.3,1.7,0.744,1.6,3.6,5.1,2.0,0.7,0.6,0.8,1.8,11.2,0.24888888888888888,0.5067873303167421
Jusuf Nurkić,31.0,UTA,C,36.0,31.0,26.5,4.6,9.0,0.508,0.6,1.7,0.355,3.9,7.3,0.544,0.542,1.5,2.7,0.551,2.6,7.6,10.2,5.0,1.3,0.5,2.4,3.3,11.2,0.3111111111111111,0.4226415094339622
Zaccharie Risacher,20.0,ATL,SF,36.0,36.0,24.6,4.3,9.4,0.462,1.6,4.4,0.358,2.8,5.0,0.553,0.546,0.9,1.5,0.642,0.9,2.4,3.3,1.4,0.9,0.5,0.9,2.2,11.2,0.3111111111111111,0.4552845528455284
Rudy Gobert,33.0,MIN,C,43.0,43.0,31.7,4.5,6.3,0.716,0.0,0.0,0.0,4.5,6.3,0.719,0.716,1.9,3.8,0.506,3.9,7.5,11.3,1.8,0.7,1.7,1.3,2.8,11.0,0.2558139534883721,0.3470031545741325
Ace Bailey,19.0,UTA,SF,39.0,28.0,24.6,4.4,9.8,0.45,1.4,4.2,0.34,3.0,5.6,0.532,0.522,0.7,0.9,0.722,1.5,1.9,3.5,1.6,0.7,0.4,1.3,2.5,10.9,0.2794871794871795,0.4430894308943089
Ausar Thompson,23.0,DET,SF,39.0,38.0,25.9,4.4,8.7,0.51,0.1,0.5,0.263,4.3,8.2,0.525,0.518,1.9,3.3,0.574,2.2,3.8,6.0,2.6,1.7,0.8,1.5,2.9,10.9,0.2794871794871795,0.4208494208494209
Harrison Barnes,33.0,SAS,PF,45.0,45.0,28.2,3.7,8.5,0.432,1.8,5.2,0.358,1.8,3.4,0.546,0.54,1.5,1.7,0.87,0.8,2.2,3.0,2.1,0.7,0.2,1.0,1.3,10.7,0.23777777777777775,0.37943262411347517
Moses Moody,23.0,GSW,SG,44.0,33.0,24.4,3.6,8.4,0.43,2.2,5.6,0.394,1.4,2.8,0.5,0.561,1.3,1.6,0.797,0.8,2.2,3.0,1.5,0.9,0.6,0.9,2.0,10.7,0.24318181818181817,0.4385245901639344
A.J. Green,26.0,MIL,SG,40.0,40.0,29.5,3.4,7.7,0.445,3.1,7.0,0.437,0.4,0.7,0.517,0.643,0.6,0.8,0.8,0.2,2.4,2.6,2.0,0.6,0.1,0.9,2.5,10.5,0.2625,0.3559322033898305
Moritz Wagner,28.0,ORL,C,4.0,0.0,13.0,3.5,7.0,0.5,1.0,3.0,0.333,2.5,4.0,0.625,0.571,2.5,2.5,1.0,0.3,3.0,3.3,0.8,0.8,0.0,1.0,2.0,10.5,2.625,0.8076923076923077
Dylan Harper,19.0,SAS,SG,35.0,0.0,21.3,4.1,9.4,0.436,0.6,2.6,0.242,3.5,6.8,0.51,0.47,1.5,2.0,0.746,0.7,2.5,3.2,3.5,0.9,0.3,1.4,1.9,10.4,0.29714285714285715,0.48826291079812206
Derrick Jones Jr.,28.0,LAC,SF,17.0,13.0,24.2,3.8,6.9,0.556,1.3,3.2,0.4,2.5,3.6,0.694,0.65,1.4,1.8,0.774,0.9,1.8,2.6,1.2,0.8,1.1,0.8,2.1,10.4,0.611764705882353,0.4297520661157025
Aaron Wiggins,27.0,OKC,SG,31.0,11.0,23.2,3.9,8.7,0.454,1.8,4.7,0.39,2.1,4.0,0.528,0.559,0.7,0.9,0.724,0.6,2.8,3.4,1.7,0.8,0.6,1.1,1.5,10.4,0.33548387096774196,0.4482758620689655
Royce O'Neale,32.0,PHO,SF,45.0,40.0,29.3,3.6,8.4,0.431,2.9,6.9,0.417,0.7,1.5,0.493,0.602,0.3,0.4,0.632,0.7,4.3,5.0,2.9,1.2,0.3,1.6,2.2,10.3,0.2288888888888889,0.3515358361774744
Egor Dёmin,19.0,BRK,PG,38.0,30.0,24.5,3.5,8.6,0.404,2.4,6.1,0.4,1.1,2.6,0.412,0.544,0.8,1.0,0.838,0.5,2.5,3.0,3.4,0.9,0.3,1.7,1.8,10.2,0.26842105263157895,0.4163265306122449
Neemias Queta,26.0,BOS,C,43.0,42.0,24.9,4.3,6.6,0.65,0.0,0.1,0.0,4.3,6.5,0.662,0.65,1.6,2.4,0.663,3.0,5.1,8.0,1.3,0.9,1.3,0.9,2.8,10.2,0.23720930232558138,0.40963855421686746
D'Angelo Russell,29.0,DAL,PG,26.0,3.0,19.0,3.6,8.9,0.405,1.3,4.3,0.295,2.3,4.6,0.508,0.476,1.7,2.3,0.717,0.3,2.0,2.3,4.0,0.5,0.1,1.9,1.2,10.2,0.3923076923076923,0.5368421052631579
Isaiah Stewart,24.0,DET,C,39.0,11.0,23.5,3.9,7.3,0.535,0.8,2.4,0.347,3.1,4.9,0.628,0.593,1.5,2.0,0.747,1.8,3.8,5.6,1.2,0.3,1.9,1.3,3.0,10.2,0.2615384615384615,0.4340425531914893
Bilal Coulibaly,21.0,WAS,SG,25.0,25.0,26.6,3.3,8.4,0.392,1.0,3.5,0.273,2.3,4.8,0.479,0.45,2.6,3.4,0.765,0.9,3.8,4.7,2.5,1.4,0.9,1.6,2.9,10.1,0.40399999999999997,0.3796992481203007
Marcus Smart,31.0,LAL,SG,35.0,28.0,28.6,3.3,8.1,0.406,1.7,5.1,0.328,1.6,3.0,0.538,0.509,1.9,2.1,0.867,0.7,2.4,3.1,2.9,1.3,0.4,1.8,2.8,10.1,0.28857142857142853,0.3531468531468531
Marvin Bagley III,26.0,WAS,PF,36.0,7.0,19.3,4.0,6.4,0.619,0.2,0.5,0.389,3.8,5.9,0.638,0.634,1.8,2.6,0.71,2.6,3.1,5.7,1.5,0.5,0.7,1.2,2.1,10.0,0.2777777777777778,0.5181347150259067
Bub Carrington,20.0,WAS,PG,44.0,17.0,28.6,3.4,8.5,0.4,2.1,5.2,0.405,1.3,3.4,0.392,0.523,1.0,1.3,0.754,0.5,3.4,3.8,4.7,0.6,0.3,2.3,2.4,9.9,0.225,0.34615384615384615
Khris Middleton,34.0,WAS,SF,30.0,30.0,24.5,3.6,8.6,0.422,0.9,2.9,0.314,2.7,5.7,0.477,0.475,1.6,2.0,0.831,1.0,3.0,4.0,3.2,0.8,0.3,1.6,2.7,9.8,0.3266666666666667,0.4
Jalen Smith,25.0,CHI,C,38.0,8.0,19.6,3.6,7.6,0.47,1.5,4.1,0.359,2.1,3.4,0.603,0.568,1.2,1.6,0.738,1.9,5.0,6.9,1.3,0.4,0.9,0.9,2.0,9.8,0.2578947368421053,0.5
Zach Collins,28.0,CHI,C,10.0,0.0,18.4,3.7,6.4,0.578,0.9,2.1,0.429,2.8,4.3,0.651,0.648,1.4,2.0,0.7,1.6,4.0,5.6,1.5,0.2,0.4,1.0,1.8,9.7,0.97,0.5271739130434783
Pelle Larsson,24.0,MIA,SG,38.0,25.0,23.2,3.5,7.2,0.48,0.9,2.9,0.321,2.5,4.3,0.589,0.545,1.8,2.4,0.747,0.8,2.1,2.8,3.3,0.5,0.2,0.9,1.9,9.7,0.2552631578947368,0.41810344827586204
Jakob Poeltl,30.0,TOR,C,21.0,21.0,25.3,4.2,6.0,0.693,0.0,0.0,0.0,4.2,6.0,0.693,0.693,1.3,2.2,0.596,2.7,5.0,7.7,2.1,0.8,0.5,1.6,3.1,9.7,0.4619047619047619,0.38339920948616596
Maxime Raynaud,22.0,SAC,C,38.0,24.0,23.0,4.2,7.7,0.541,0.2,0.8,0.3,3.9,6.9,0.569,0.557,1.2,1.7,0.714,1.8,4.7,6.4,1.1,0.4,0.5,0.9,2.5,9.7,0.2552631578947368,0.42173913043478256
T.J. McConnell,33.0,IND,PG,33.0,0.0,17.2,4.5,8.4,0.529,0.3,1.1,0.314,4.1,7.4,0.56,0.549,0.4,0.4,0.923,0.5,1.8,2.2,4.9,1.2,0.2,1.2,1.2,9.6,0.2909090909090909,0.5581395348837209
Jarace Walker,22.0,IND,PF,46.0,14.0,23.4,3.2,8.4,0.381,1.6,4.4,0.363,1.6,4.1,0.401,0.476,1.6,2.1,0.768,0.4,3.8,4.2,1.9,0.7,0.3,1.5,1.7,9.6,0.20869565217391303,0.41025641025641024
Christian Braun,24.0,DEN,SG,14.0,14.0,28.9,3.6,7.9,0.459,0.5,2.4,0.212,3.1,5.6,0.564,0.491,1.7,2.3,0.75,1.4,2.8,4.2,2.5,0.6,0.4,1.2,2.1,9.5,0.6785714285714286,0.32871972318339104
Jordan Clarkson,33.0,NYK,SG,44.0,0.0,19.5,3.5,8.3,0.425,1.3,4.0,0.33,2.2,4.3,0.513,0.504,1.1,1.4,0.778,0.8,1.0,1.8,1.3,0.5,0.1,1.1,1.9,9.5,0.2159090909090909,0.48717948717948717
Isaiah Joe,26.0,OKC,SG,37.0,1.0,19.9,2.9,6.7,0.437,2.2,5.4,0.398,0.8,1.2,0.609,0.599,1.5,1.7,0.859,0.5,2.1,2.5,1.3,0.5,0.2,0.6,1.7,9.5,0.25675675675675674,0.47738693467336685
Jake LaRavia,24.0,LAL,PF,44.0,23.0,27.3,3.4,7.4,0.463,1.2,3.5,0.344,2.2,3.9,0.571,0.545,1.5,2.0,0.753,1.5,2.7,4.3,2.0,1.3,0.5,1.1,2.2,9.5,0.2159090909090909,0.34798534798534797
Ziaire Williams,24.0,BRK,SF,32.0,4.0,22.8,3.0,7.4,0.407,1.6,5.2,0.305,1.4,2.2,0.652,0.515,1.9,2.2,0.871,0.6,2.0,2.5,0.6,1.1,0.5,1.0,2.0,9.5,0.296875,0.41666666666666663
Kyle Filipowski,22.0,UTA,C,45.0,15.0,22.2,3.5,7.5,0.466,0.8,2.6,0.316,2.7,4.9,0.545,0.521,1.5,2.1,0.708,1.6,4.5,6.1,2.0,0.7,0.4,1.2,2.8,9.3,0.2066666666666667,0.41891891891891897
Vit Krejci,25.0,ATL,PG,43.0,7.0,23.0,3.2,6.9,0.461,2.3,5.4,0.425,0.9,1.5,0.594,0.628,0.6,0.8,0.75,0.4,1.7,2.1,1.6,0.8,0.3,0.7,2.4,9.3,0.21627906976744188,0.4043478260869566
Landry Shamet,28.0,NYK,SG,20.0,6.0,20.4,2.9,6.2,0.46,2.0,4.6,0.435,0.9,1.6,0.531,0.621,1.6,2.1,0.762,0.4,1.5,1.9,1.2,0.5,0.3,0.5,1.2,9.3,0.465,0.4558823529411765
Tristan Da Silva,24.0,ORL,SF,39.0,14.0,22.9,3.4,7.9,0.435,1.5,4.0,0.374,1.9,3.9,0.497,0.529,0.8,1.0,0.842,0.8,2.7,3.5,1.1,0.8,0.2,0.9,1.3,9.2,0.2358974358974359,0.4017467248908297
Cam Whitmore,21.0,WAS,SF,21.0,0.0,16.9,3.7,8.0,0.456,0.8,2.7,0.286,2.9,5.4,0.54,0.503,1.1,1.5,0.742,0.9,1.9,2.8,0.7,0.7,0.4,0.9,1.2,9.2,0.43809523809523804,0.5443786982248521
Isaiah Collier,21.0,UTA,PG,38.0,5.0,23.3,3.4,6.6,0.512,0.5,1.4,0.34,2.9,5.2,0.558,0.548,1.8,2.8,0.654,0.4,2.0,2.4,6.6,0.7,0.3,2.3,2.3,9.1,0.2394736842105263,0.39055793991416304
Sam Hauser,28.0,BOS,PF,44.0,16.0,23.5,3.1,7.5,0.421,2.7,6.6,0.405,0.5,0.9,0.538,0.599,0.2,0.2,0.9,0.7,3.0,3.7,1.4,0.6,0.3,0.6,1.3,9.1,0.20681818181818182,0.3872340425531915
Herbert Jones,27.0,NOP,SF,24.0,24.0,28.2,3.3,8.6,0.388,1.3,4.1,0.323,2.0,4.5,0.449,0.466,1.1,1.3,0.813,1.0,2.5,3.5,2.4,1.7,0.4,1.3,3.3,9.1,0.37916666666666665,0.32269503546099293
Davion Mitchell,27.0,MIA,PG,40.0,40.0,29.2,3.6,7.6,0.47,1.2,2.9,0.4,2.4,4.7,0.513,0.546,0.7,1.1,0.651,0.4,2.2,2.6,7.2,1.2,0.1,1.7,2.7,9.0,0.225,0.3082191780821918
Corey Kispert,26.0,2TM,SF,26.0,5.0,19.0,3.0,6.4,0.467,1.5,4.1,0.377,1.5,2.3,0.623,0.587,1.4,1.8,0.783,0.4,1.9,2.3,1.6,0.5,0.1,0.8,1.0,8.9,0.3423076923076923,0.46842105263157896
Corey Kispert,26.0,WAS,SF,19.0,2.0,19.5,3.1,6.3,0.496,1.6,4.0,0.395,1.5,2.3,0.674,0.622,1.4,1.8,0.765,0.3,2.0,2.3,1.7,0.4,0.2,0.7,1.1,9.2,0.4842105263157894,0.4717948717948718
Corey Kispert,26.0,ATL,SF,7.0,3.0,17.7,2.7,6.9,0.396,1.4,4.3,0.333,1.3,2.6,0.5,0.5,1.4,1.7,0.833,0.6,1.7,2.3,1.3,0.7,0.0,1.0,0.9,8.3,1.1857142857142857,0.46892655367231645
Svi Mykhailiuk,28.0,UTA,SF,39.0,39.0,24.2,3.3,6.9,0.476,1.7,4.5,0.386,1.6,2.4,0.642,0.601,0.5,0.6,0.913,0.7,1.8,2.6,1.9,0.5,0.1,0.8,1.3,8.9,0.22820512820512823,0.36776859504132237
Jordan Goodwin,27.0,PHO,PG,42.0,2.0,21.5,3.4,8.3,0.405,1.5,4.3,0.344,1.9,4.0,0.47,0.494,0.6,0.8,0.735,1.9,2.8,4.6,2.3,1.4,0.2,1.1,1.7,8.8,0.20952380952380953,0.4093023255813954
Simone Fontecchio,30.0,MIA,SF,43.0,1.0,16.9,2.8,7.0,0.405,1.8,4.9,0.376,1.0,2.1,0.472,0.537,1.2,1.5,0.81,0.7,2.3,3.1,1.4,0.5,0.1,0.8,1.5,8.7,0.2023255813953488,0.514792899408284
Draymond Green,35.0,GSW,PF,38.0,38.0,26.7,3.2,7.4,0.426,1.4,4.4,0.331,1.7,3.1,0.56,0.523,0.9,1.3,0.694,0.8,5.0,5.8,5.2,0.9,0.7,2.8,3.2,8.7,0.22894736842105262,0.32584269662921345
Ryan Kalkbrenner,24.0,CHO,C,34.0,26.0,24.2,3.7,4.8,0.778,0.0,0.1,0.0,3.7,4.7,0.788,0.778,1.3,1.8,0.694,2.4,3.8,6.2,0.6,0.6,1.5,1.0,1.7,8.7,0.25588235294117645,0.3595041322314049
Jonas Valančiūnas,33.0,DEN,C,34.0,2.0,13.5,3.6,6.1,0.585,0.1,0.4,0.231,3.5,5.7,0.608,0.592,1.5,1.9,0.785,1.4,3.4,4.8,1.3,0.2,0.6,1.1,2.1,8.7,0.25588235294117645,0.6444444444444444
Isaac Okoro,25.0,CHI,SG,37.0,37.0,25.1,3.2,6.7,0.474,1.1,3.2,0.333,2.1,3.6,0.598,0.552,1.1,1.5,0.764,1.1,1.6,2.8,1.4,0.6,0.5,0.6,2.6,8.6,0.23243243243243242,0.3426294820717131
Nikola Jović,22.0,MIA,PF,35.0,1.0,19.0,2.8,7.3,0.377,1.1,3.9,0.294,1.6,3.5,0.471,0.455,1.8,2.5,0.708,0.6,3.1,3.7,2.7,0.7,0.4,1.7,1.6,8.5,0.24285714285714285,0.4473684210526316
Luguentz Dort,26.0,OKC,SF,36.0,36.0,27.2,3.0,7.6,0.393,1.9,5.5,0.338,1.1,2.1,0.541,0.517,0.6,0.7,0.88,0.8,2.9,3.7,1.1,0.9,0.6,0.7,3.0,8.4,0.23333333333333334,0.3088235294117647
Jay Huff,27.0,IND,C,46.0,26.0,19.5,3.1,6.6,0.469,1.3,4.3,0.316,1.8,2.4,0.743,0.57,0.9,1.0,0.833,1.0,2.7,3.7,1.3,0.5,2.0,0.8,2.4,8.4,0.1826086956521739,0.4307692307692308
Jaden Ivey,23.0,DET,SG,28.0,2.0,17.0,3.1,6.7,0.46,1.2,3.3,0.366,1.9,3.4,0.553,0.551,1.0,1.3,0.778,0.5,1.6,2.1,1.7,0.5,0.4,1.0,1.4,8.4,0.3,0.49411764705882355
Jordan Miller,26.0,LAC,SF,23.0,0.0,18.3,2.8,5.5,0.516,0.8,2.1,0.396,2.0,3.4,0.59,0.591,1.9,2.3,0.83,0.8,2.1,3.0,1.6,0.7,0.2,1.0,1.0,8.4,0.3652173913043478,0.45901639344262296
Ron Holland,20.0,DET,SF,41.0,5.0,20.9,3.0,7.3,0.418,0.6,2.6,0.243,2.4,4.7,0.516,0.462,1.6,2.1,0.776,1.1,3.3,4.4,1.4,1.4,0.4,1.4,2.2,8.3,0.20243902439024392,0.3971291866028709
Gary Trent Jr.,27.0,MIL,SG,40.0,17.0,24.2,2.8,7.5,0.378,1.9,5.4,0.356,0.9,2.1,0.434,0.507,0.7,0.8,0.818,0.1,1.1,1.2,1.6,0.7,0.1,0.6,1.4,8.3,0.20750000000000002,0.34297520661157027
Bradley Beal,32.0,LAC,SG,6.0,6.0,20.2,3.0,8.0,0.375,1.2,3.2,0.368,1.8,4.8,0.379,0.448,1.0,1.3,0.75,0.3,0.5,0.8,1.7,0.5,0.0,1.5,2.3,8.2,1.3666666666666665,0.4059405940594059
Kentavious Caldwell-Pope,32.0,MEM,SG,42.0,13.0,21.0,2.8,7.0,0.401,1.2,3.5,0.336,1.6,3.5,0.469,0.486,1.4,1.5,0.935,0.4,2.1,2.5,2.9,0.8,0.2,1.2,1.0,8.2,0.1952380952380952,0.3904761904761904
Luke Kornet,30.0,SAS,C,36.0,22.0,24.3,3.2,4.8,0.667,0.0,0.0,0.0,3.2,4.8,0.667,0.667,1.8,2.2,0.821,3.0,3.8,6.8,2.0,0.4,1.3,0.5,2.1,8.2,0.22777777777777775,0.33744855967078186
Moussa Diabaté,24.0,CHO,C,42.0,16.0,24.5,3.0,4.8,0.626,0.0,0.0,0.0,3.0,4.8,0.626,0.626,2.0,3.0,0.664,3.6,4.7,8.3,1.4,0.7,1.0,0.9,2.6,8.1,0.19285714285714284,0.33061224489795915
Dominick Barlow,22.0,PHI,PF,34.0,29.0,23.9,3.2,5.8,0.551,0.4,1.5,0.269,2.8,4.2,0.653,0.587,1.3,1.6,0.768,2.1,2.9,5.0,1.3,0.9,0.7,0.9,2.1,8.0,0.23529411764705882,0.3347280334728034
Bogdan Bogdanović,33.0,LAC,SG,16.0,3.0,22.5,2.8,7.3,0.376,1.5,4.5,0.333,1.3,2.8,0.444,0.479,1.0,1.2,0.842,0.3,2.6,2.9,2.7,0.5,0.1,1.2,2.5,8.0,0.5,0.35555555555555557
Buddy Hield,33.0,GSW,SG,39.0,3.0,16.9,2.9,6.6,0.441,1.6,4.4,0.357,1.3,2.2,0.612,0.561,0.7,0.7,0.929,0.6,1.8,2.4,1.4,0.8,0.2,0.9,1.2,8.0,0.20512820512820512,0.4733727810650888
Quinten Post,25.0,GSW,PF,46.0,31.0,17.8,3.0,6.8,0.441,1.5,4.4,0.348,1.5,2.4,0.615,0.554,0.4,0.5,0.792,1.0,3.0,4.0,1.4,0.5,0.5,0.8,2.0,8.0,0.17391304347826086,0.449438202247191
Jose Alvarado,27.0,NOP,PG,35.0,0.0,22.2,2.9,6.8,0.424,1.6,4.4,0.361,1.3,2.4,0.542,0.542,0.5,0.7,0.826,0.4,2.4,2.8,3.3,1.0,0.1,1.3,2.1,7.9,0.22571428571428573,0.3558558558558559
Kris Dunn,31.0,LAC,PG,44.0,38.0,27.5,3.0,6.1,0.487,1.1,2.9,0.372,1.9,3.2,0.593,0.576,0.9,1.1,0.792,0.8,2.1,2.9,3.2,1.5,0.2,1.3,2.4,7.9,0.17954545454545456,0.2872727272727273
Caris LeVert,31.0,DET,SG,31.0,0.0,19.7,2.8,6.6,0.431,1.1,3.2,0.34,1.7,3.4,0.519,0.515,1.2,1.7,0.679,0.3,1.5,1.8,2.8,0.9,0.6,1.4,1.5,7.9,0.25483870967741934,0.401015228426396
Daniss Jenkins,24.0,DET,PG,35.0,7.0,16.3,2.8,6.5,0.429,1.0,2.6,0.396,1.7,3.9,0.452,0.509,1.2,1.5,0.792,0.5,1.2,1.7,3.3,1.0,0.2,1.5,1.3,7.8,0.22285714285714286,0.47852760736196315
Luke Kennard,29.0,ATL,SG,41.0,0.0,20.4,2.8,5.2,0.528,1.6,3.3,0.481,1.2,1.9,0.608,0.68,0.7,0.7,0.933,0.4,1.7,2.1,2.2,0.8,0.0,0.8,1.2,7.8,0.1902439024390244,0.3823529411764706
Tre Mann,24.0,CHO,PG,28.0,1.0,16.9,3.0,8.0,0.372,1.3,4.1,0.322,1.6,3.9,0.426,0.455,0.5,0.6,0.882,0.7,1.8,2.4,2.3,0.5,0.1,1.4,1.8,7.8,0.2785714285714286,0.46153846153846156
Collin Murray-Boyles,20.0,TOR,PF,37.0,13.0,21.5,3.2,6.0,0.536,0.4,1.2,0.349,2.8,4.8,0.581,0.57,0.9,1.4,0.642,2.5,2.6,5.1,2.0,0.9,0.7,1.1,2.6,7.8,0.2108108108108108,0.36279069767441857
Day'Ron Sharpe,24.0,BRK,C,41.0,3.0,18.1,3.0,5.0,0.603,0.1,0.7,0.2,2.9,4.2,0.672,0.618,1.7,2.5,0.676,2.4,3.8,6.2,2.3,1.0,0.4,1.6,2.2,7.8,0.1902439024390244,0.43093922651933697
Tyrese Martin,26.0,BRK,SG,34.0,6.0,19.3,2.9,7.0,0.408,1.5,4.1,0.355,1.4,2.9,0.485,0.513,0.6,0.8,0.731,0.9,1.9,2.9,2.0,0.6,0.1,0.9,0.9,7.7,0.22647058823529412,0.39896373056994816
Precious Achiuwa,26.0,SAC,C,39.0,25.0,20.9,3.1,6.1,0.515,0.4,1.2,0.333,2.7,4.9,0.557,0.546,0.9,1.8,0.529,1.9,3.7,5.6,1.2,0.8,0.6,0.6,1.7,7.6,0.19487179487179487,0.36363636363636365
Jamaree Bouyea,26.0,PHO,PG,19.0,0.0,14.7,3.1,5.5,0.562,0.8,2.1,0.41,2.3,3.5,0.652,0.638,0.6,0.8,0.688,0.5,1.5,2.1,1.7,0.6,0.4,0.4,0.7,7.6,0.39999999999999997,0.5170068027210885
Daniel Gafford,27.0,DAL,C,30.0,20.0,20.6,2.9,4.7,0.624,0.0,0.0,0.0,2.9,4.7,0.624,0.624,1.8,2.3,0.768,1.9,4.4,6.3,0.8,0.8,1.3,1.3,2.6,7.6,0.2533333333333333,0.3689320388349514
Luka Garza,27.0,BOS,C,37.0,1.0,16.5,2.8,4.7,0.586,0.7,1.5,0.455,2.1,3.2,0.647,0.658,1.4,1.7,0.813,2.4,1.9,4.2,1.0,0.4,0.5,0.5,2.6,7.6,0.2054054054054054,0.4606060606060606
Terance Mann,29.0,BRK,SG,38.0,35.0,25.4,2.8,6.2,0.447,0.8,2.5,0.337,1.9,3.7,0.521,0.515,1.2,1.5,0.821,1.3,2.1,3.3,3.7,0.8,0.3,1.1,2.6,7.6,0.19999999999999998,0.2992125984251969
Bryce McGowens,23.0,NOP,SG,29.0,11.0,19.4,2.5,5.3,0.477,0.8,1.9,0.436,1.7,3.4,0.5,0.556,1.8,2.3,0.761,0.3,1.7,2.0,1.3,0.6,0.1,0.5,1.9,7.6,0.26206896551724135,0.3917525773195876
Danny Wolf,21.0,BRK,PF,29.0,4.0,19.1,2.7,6.8,0.399,1.1,3.1,0.367,1.6,3.7,0.426,0.482,1.0,1.2,0.824,1.0,3.2,4.2,1.8,0.6,0.4,1.0,1.7,7.6,0.26206896551724135,0.39790575916230364
Vince Williams Jr.,25.0,MEM,PG,29.0,11.0,21.6,2.6,7.5,0.346,1.3,4.5,0.298,1.2,3.0,0.419,0.435,1.0,1.2,0.829,0.8,3.2,4.0,4.6,0.7,0.4,1.9,2.0,7.5,0.25862068965517243,0.3472222222222222
Cason Wallace,22.0,OKC,SG,44.0,35.0,26.6,2.8,6.7,0.412,1.4,3.8,0.365,1.4,2.9,0.472,0.515,0.5,0.7,0.733,0.8,2.3,3.1,2.1,2.1,0.2,0.9,2.0,7.4,0.16818181818181818,0.2781954887218045
Justin Champagnie,24.0,WAS,SF,42.0,10.0,18.8,2.9,5.6,0.513,0.6,2.0,0.313,2.2,3.6,0.623,0.568,0.9,1.3,0.736,2.1,3.6,5.7,1.1,0.8,0.6,0.6,1.6,7.3,0.1738095238095238,0.3882978723404255
Quenton Jackson,27.0,IND,PG,22.0,9.0,15.8,2.4,5.4,0.437,0.8,2.1,0.37,1.6,3.3,0.479,0.508,1.8,2.3,0.784,0.5,1.4,2.0,1.9,0.6,0.2,1.2,1.7,7.3,0.3318181818181818,0.46202531645569617
Kyle Anderson,32.0,UTA,SF,17.0,0.0,19.7,2.9,5.6,0.521,0.1,0.2,0.5,2.8,5.4,0.522,0.531,1.2,1.9,0.606,0.9,2.4,3.4,2.7,1.2,0.5,0.9,2.2,7.2,0.4235294117647059,0.3654822335025381
Bruce Brown,29.0,DEN,SG,46.0,2.0,24.4,2.8,6.2,0.453,0.5,1.4,0.323,2.4,4.8,0.491,0.49,1.0,1.3,0.774,1.2,2.9,4.1,2.2,1.0,0.2,1.0,2.4,7.2,0.1565217391304348,0.2950819672131148
Javonte Green,32.0,DET,SG,43.0,4.0,19.3,2.5,5.5,0.447,1.1,3.0,0.366,1.3,2.5,0.547,0.549,1.1,1.5,0.754,0.7,2.0,2.7,0.8,1.4,0.4,0.7,1.5,7.2,0.16744186046511628,0.37305699481865284
GG Jackson II,21.0,MEM,PF,23.0,3.0,15.7,2.7,5.7,0.466,0.8,2.7,0.302,1.8,3.0,0.618,0.538,1.0,1.4,0.75,0.4,2.4,2.8,0.7,0.7,0.5,1.0,1.6,7.2,0.3130434782608696,0.4585987261146497
Ryan Nembhard,22.0,DAL,PG,33.0,17.0,19.8,3.0,6.7,0.45,0.9,2.4,0.397,2.1,4.3,0.479,0.52,0.3,0.4,0.769,0.2,1.7,1.9,5.1,0.2,0.0,1.5,1.4,7.2,0.2181818181818182,0.36363636363636365
Jamal Shead,23.0,TOR,PG,47.0,7.0,22.3,2.4,6.6,0.366,1.2,3.6,0.333,1.2,3.0,0.404,0.456,1.2,1.5,0.789,0.4,1.5,1.9,5.6,1.0,0.1,1.3,2.1,7.2,0.15319148936170213,0.32286995515695066
Walter Clayton,22.0,UTA,PG,41.0,0.0,18.4,2.3,5.8,0.407,1.0,3.2,0.308,1.3,2.5,0.534,0.494,1.4,1.5,0.95,0.3,1.7,2.0,3.3,0.6,0.2,1.2,1.8,7.1,0.17317073170731706,0.3858695652173913
Andre Drummond,32.0,PHI,C,35.0,16.0,20.0,2.7,5.5,0.497,0.5,1.3,0.362,2.3,4.2,0.541,0.541,1.1,1.7,0.655,3.4,5.5,9.0,0.8,0.5,0.9,0.9,2.0,7.1,0.20285714285714285,0.355
Kevin Love,37.0,UTA,PF,25.0,4.0,17.3,2.3,5.7,0.399,1.4,4.0,0.36,0.8,1.7,0.488,0.524,1.1,1.3,0.818,1.7,3.9,5.6,1.8,0.3,0.3,0.8,1.8,7.1,0.284,0.4104046242774566
Seth Curry,35.0,GSW,SG,2.0,0.0,16.0,3.0,4.5,0.667,1.0,2.0,0.5,2.0,2.5,0.8,0.778,0.0,0.0,0.0,0.5,1.5,2.0,1.5,1.0,0.0,0.0,1.5,7.0,3.5,0.4375
Micah Potter,27.0,IND,C,15.0,2.0,17.5,2.0,4.5,0.441,1.1,3.1,0.362,0.9,1.4,0.619,0.566,1.9,2.0,0.933,0.9,3.1,3.9,1.4,0.3,0.3,0.7,1.5,7.0,0.4666666666666667,0.4
TyTy Washington Jr.,24.0,LAC,PG,2.0,0.0,11.0,3.0,4.5,0.667,1.0,2.0,0.5,2.0,2.5,0.8,0.778,0.0,0.0,0.0,0.0,0.5,0.5,1.5,1.0,0.5,0.0,0.0,7.0,3.5,0.6363636363636364
Cole Anthony,25.0,MIL,PG,31.0,0.0,15.1,2.9,6.5,0.448,0.6,2.0,0.323,2.3,4.5,0.504,0.498,0.4,0.7,0.591,0.4,2.1,2.5,3.6,0.6,0.3,1.9,2.1,6.9,0.22258064516129034,0.456953642384106
Jaden Hardy,23.0,DAL,SG,31.0,4.0,12.3,2.3,5.8,0.398,1.4,3.7,0.371,0.9,2.1,0.446,0.517,0.9,1.1,0.8,0.4,1.0,1.4,0.8,0.2,0.1,0.8,1.3,6.9,0.22258064516129034,0.5609756097560975
Will Richard,23.0,GSW,SG,41.0,15.0,19.1,2.5,5.1,0.486,1.1,3.1,0.365,1.3,2.0,0.671,0.596,0.9,1.0,0.814,1.0,1.5,2.5,1.3,1.1,0.1,0.8,1.9,6.9,0.16829268292682928,0.3612565445026178
Tristan Vukcevic,22.0,WAS,C,30.0,2.0,11.4,2.3,5.1,0.455,0.4,2.0,0.2,1.9,3.1,0.617,0.494,1.8,2.4,0.764,0.6,1.8,2.4,1.0,0.3,0.7,1.0,1.2,6.9,0.23,0.6052631578947368
Al Horford,39.0,GSW,C,26.0,1.0,19.6,2.4,6.2,0.391,1.5,4.4,0.351,0.9,1.8,0.489,0.516,0.4,0.4,1.0,0.9,4.0,5.0,2.0,0.8,1.0,1.0,1.2,6.8,0.26153846153846155,0.346938775510204
Kobe Sanders,23.0,LAC,SG,36.0,8.0,20.7,2.4,5.5,0.442,1.0,2.6,0.389,1.4,2.8,0.49,0.536,0.9,1.0,0.865,0.4,1.9,2.4,1.5,0.6,0.1,1.3,2.1,6.8,0.18888888888888888,0.3285024154589372
Gradey Dick,22.0,TOR,SG,47.0,1.0,16.5,2.3,5.5,0.425,0.9,3.0,0.309,1.4,2.6,0.558,0.508,1.1,1.3,0.847,0.6,1.6,2.2,0.7,0.7,0.1,0.5,1.5,6.7,0.1425531914893617,0.40606060606060607
Isaiah Jackson,24.0,IND,C,33.0,14.0,17.2,2.7,4.6,0.583,0.0,0.0,0.0,2.7,4.5,0.587,0.583,1.4,2.0,0.708,2.4,3.2,5.6,0.8,0.6,0.7,1.2,2.8,6.7,0.20303030303030303,0.38953488372093026
Patrick Williams,24.0,CHI,PF,41.0,1.0,18.3,2.3,5.9,0.387,1.3,3.2,0.408,1.0,2.8,0.363,0.496,0.7,1.0,0.683,0.6,2.3,2.9,1.1,0.7,0.2,0.9,1.2,6.6,0.16097560975609757,0.360655737704918
Tidjane Salaün,20.0,CHO,PF,29.0,0.0,16.4,2.4,4.6,0.515,1.0,2.3,0.441,1.3,2.3,0.591,0.627,0.7,1.0,0.7,0.8,3.6,4.3,0.9,0.4,0.2,0.7,1.6,6.5,0.22413793103448276,0.39634146341463417
Ryan Dunn,23.0,PHO,SF,38.0,11.0,20.8,2.6,5.7,0.452,0.8,2.6,0.313,1.8,3.1,0.568,0.523,0.5,0.7,0.692,1.6,2.9,4.5,1.7,0.9,0.5,1.0,2.4,6.4,0.16842105263157894,0.3076923076923077
Bones Hyland,25.0,MIN,PG,36.0,3.0,13.6,2.3,5.2,0.447,1.1,3.2,0.353,1.2,2.0,0.597,0.556,0.6,0.9,0.719,0.2,1.1,1.3,2.5,0.5,0.3,0.8,1.6,6.4,0.17777777777777778,0.4705882352941177
Brook Lopez,37.0,LAC,C,37.0,7.0,16.9,2.2,6.0,0.362,1.4,4.4,0.327,0.7,1.6,0.458,0.482,0.6,0.7,0.846,0.4,2.2,2.6,0.9,0.5,1.0,0.8,1.6,6.4,0.17297297297297298,0.37869822485207105
Drake Powell,20.0,BRK,SG,32.0,6.0,19.2,2.3,5.1,0.451,0.8,2.5,0.313,1.5,2.6,0.585,0.528,1.0,1.2,0.892,0.2,1.4,1.6,1.7,0.6,0.2,0.9,1.5,6.4,0.2,0.33333333333333337
Ben Sheppard,24.0,IND,SG,35.0,12.0,22.5,2.2,5.9,0.377,1.2,3.7,0.323,1.0,2.2,0.468,0.478,0.7,1.0,0.765,0.6,2.6,3.3,1.8,0.6,0.1,0.5,1.9,6.4,0.18285714285714286,0.28444444444444444
Jaxson Hayes,25.0,LAL,C,36.0,4.0,17.5,2.6,3.3,0.775,0.0,0.0,1.0,2.6,3.3,0.773,0.779,1.1,1.8,0.625,1.4,2.5,3.9,0.8,0.3,0.6,0.6,2.1,6.3,0.175,0.36
Mac McClung,27.0,IND,SG,3.0,0.0,11.3,2.3,6.0,0.389,0.7,3.3,0.2,1.7,2.7,0.625,0.444,1.0,1.3,0.75,0.0,1.3,1.3,0.3,1.7,0.3,0.7,2.0,6.3,2.1,0.5575221238938053
Josh Minott,23.0,BOS,PF,29.0,10.0,17.6,2.3,4.5,0.504,1.1,2.5,0.438,1.2,2.0,0.586,0.626,0.7,0.9,0.769,1.3,2.6,4.0,1.1,0.8,0.4,0.6,1.7,6.3,0.21724137931034482,0.3579545454545454
Jalen Pickett,26.0,DEN,SG,31.0,13.0,18.9,2.4,5.5,0.435,1.2,2.9,0.411,1.2,2.6,0.463,0.544,0.3,0.4,0.909,0.5,2.4,2.9,2.9,0.4,0.1,0.8,1.0,6.3,0.2032258064516129,0.33333333333333337
Sidy Cissoko,21.0,POR,SF,41.0,20.0,21.6,2.0,5.2,0.391,1.1,3.3,0.326,1.0,2.0,0.5,0.493,1.0,1.5,0.7,0.9,1.4,2.3,1.4,0.7,0.3,1.1,2.7,6.2,0.15121951219512195,0.28703703703703703
Sion James,23.0,CHO,SG,46.0,18.0,25.0,1.9,4.9,0.384,1.0,2.9,0.356,0.8,2.0,0.424,0.489,1.4,1.6,0.865,0.6,2.9,3.5,2.0,0.6,0.4,0.8,1.8,6.2,0.13478260869565217,0.248
Nae'Qwan Tomlin,25.0,CLE,PF,36.0,2.0,16.3,2.5,5.2,0.478,0.4,1.9,0.232,2.0,3.3,0.624,0.522,0.8,1.1,0.707,1.4,1.8,3.1,0.9,0.7,0.7,0.3,2.1,6.2,0.17222222222222222,0.38036809815950917
Alex Caruso,31.0,OKC,SG,32.0,0.0,18.2,2.2,5.3,0.417,1.0,3.2,0.301,1.2,2.0,0.6,0.509,0.7,0.9,0.821,0.6,2.3,2.8,2.1,1.4,0.4,0.8,1.3,6.1,0.190625,0.33516483516483514
Spencer Jones,24.0,DEN,SF,41.0,29.0,23.5,2.2,4.4,0.514,1.0,2.5,0.394,1.2,1.8,0.68,0.628,0.6,1.0,0.634,1.1,2.0,3.1,0.9,0.9,0.4,0.6,2.8,6.1,0.14878048780487804,0.25957446808510637
Jared McCain,21.0,PHI,SG,31.0,1.0,16.7,2.2,6.3,0.354,1.0,3.0,0.323,1.3,3.3,0.382,0.431,0.7,0.8,0.88,0.1,2.0,2.1,1.5,0.7,0.0,0.7,1.2,6.1,0.19677419354838707,0.3652694610778443
Kris Murray,25.0,POR,SF,34.0,11.0,25.7,2.3,5.1,0.446,0.6,2.3,0.256,1.7,2.9,0.598,0.503,0.9,1.2,0.738,1.8,2.2,4.0,1.2,1.2,0.4,0.9,2.0,6.1,0.17941176470588235,0.23735408560311283
Taurean Prince,31.0,MIL,SF,8.0,0.0,21.1,2.1,4.8,0.447,1.5,3.5,0.429,0.6,1.3,0.5,0.605,0.4,0.4,1.0,0.0,1.6,1.6,1.0,0.8,0.3,0.6,2.5,6.1,0.7625,0.2890995260663507
Nick Smith Jr.,21.0,LAL,SG,23.0,1.0,13.0,2.3,5.4,0.427,1.2,3.0,0.397,1.1,2.4,0.464,0.536,0.3,0.5,0.636,0.1,0.7,0.8,1.2,0.3,0.1,0.8,1.0,6.1,0.2652173913043478,0.46923076923076923
Ja'Kobe Walter,21.0,TOR,SG,37.0,9.0,17.7,2.1,4.9,0.431,1.2,3.2,0.367,0.9,1.6,0.557,0.552,0.7,1.0,0.75,0.7,1.4,2.1,0.9,0.9,0.2,0.5,1.9,6.1,0.16486486486486485,0.3446327683615819
Trendon Watford,25.0,PHI,PF,23.0,4.0,15.7,2.3,4.5,0.524,0.3,0.9,0.4,2.0,3.6,0.554,0.563,1.0,1.4,0.75,0.8,2.6,3.3,2.7,0.3,0.3,1.1,2.0,6.1,0.2652173913043478,0.3885350318471337
Kenrich Williams,31.0,OKC,PF,26.0,0.0,14.8,2.5,4.7,0.52,0.8,2.3,0.367,1.6,2.4,0.667,0.61,0.3,0.7,0.471,0.8,2.3,3.2,1.6,0.6,0.2,0.5,1.1,6.1,0.23461538461538461,0.4121621621621621
Aaron Holiday,29.0,HOU,PG,30.0,1.0,14.0,1.9,4.8,0.4,1.3,3.3,0.38,0.7,1.5,0.444,0.531,0.8,1.0,0.862,0.1,0.7,0.8,1.0,0.4,0.1,0.7,1.4,6.0,0.2,0.42857142857142855
KJ Simpson,23.0,CHO,PG,14.0,2.0,15.9,2.2,6.4,0.348,0.9,2.8,0.308,1.4,3.6,0.38,0.416,0.7,1.1,0.625,0.4,1.7,2.1,2.5,1.1,0.0,1.7,1.0,6.0,0.42857142857142855,0.3773584905660377
Dru Smith,28.0,MIA,SG,45.0,1.0,16.9,2.0,5.1,0.399,0.6,2.1,0.309,1.4,3.0,0.463,0.463,1.3,1.6,0.822,0.8,1.7,2.5,2.6,1.5,0.4,0.9,1.6,6.0,0.13333333333333333,0.3550295857988166
Blake Wesley,22.0,POR,SG,6.0,0.0,16.3,2.3,5.7,0.412,0.3,1.7,0.2,2.0,4.0,0.5,0.441,1.0,1.7,0.6,0.3,2.0,2.3,3.2,1.7,0.2,1.2,2.3,6.0,1.0,0.36809815950920244
Robert Williams,28.0,POR,C,31.0,1.0,16.0,2.6,3.6,0.726,0.1,0.4,0.25,2.5,3.3,0.782,0.739,0.6,0.8,0.75,2.0,4.3,6.3,1.0,0.6,1.3,0.6,1.2,6.0,0.1935483870967742,0.375
Goga Bitadze,26.0,ORL,C,40.0,1.0,16.4,2.5,3.6,0.676,0.1,0.3,0.2,2.4,3.4,0.711,0.683,1.0,1.3,0.731,2.2,3.1,5.2,1.2,0.8,1.2,0.6,2.2,5.9,0.14750000000000002,0.35975609756097565
Jordan Walsh,21.0,BOS,PF,40.0,20.0,19.0,2.3,4.0,0.559,0.8,1.8,0.429,1.5,2.3,0.659,0.652,0.6,0.8,0.806,1.3,3.1,4.4,0.9,0.9,0.5,0.5,2.3,5.9,0.14750000000000002,0.3105263157894737
Steven Adams,32.0,HOU,C,32.0,11.0,22.8,2.2,4.3,0.504,0.0,0.0,0.0,2.2,4.3,0.504,0.504,1.5,2.5,0.58,4.5,4.1,8.6,1.5,0.7,0.6,1.1,1.7,5.8,0.18125,0.25438596491228066
Paul Reed,26.0,DET,C,31.0,6.0,12.2,2.5,4.2,0.592,0.2,0.6,0.35,2.3,3.5,0.636,0.619,0.6,1.0,0.563,1.9,2.4,4.3,1.2,0.9,0.6,1.0,1.6,5.8,0.1870967741935484,0.4754098360655738
Jase Richardson,20.0,ORL,SG,31.0,0.0,12.5,2.2,4.5,0.493,0.7,1.8,0.393,1.5,2.6,0.561,0.572,0.7,1.0,0.719,0.5,1.0,1.5,1.3,0.3,0.1,0.6,1.1,5.8,0.1870967741935484,0.46399999999999997
Marcus Sasser,25.0,DET,PG,12.0,0.0,10.1,1.9,4.3,0.442,1.2,2.8,0.412,0.8,1.5,0.5,0.577,0.8,0.9,0.909,0.1,1.0,1.1,1.9,0.6,0.2,0.7,1.0,5.8,0.48333333333333334,0.5742574257425742
Nolan Traoré,19.0,BRK,PG,23.0,0.0,18.6,2.0,5.8,0.343,0.9,2.8,0.323,1.1,3.0,0.362,0.422,0.9,1.1,0.808,0.1,1.1,1.2,2.7,0.5,0.3,1.3,1.7,5.8,0.25217391304347825,0.31182795698924726
Dean Wade,29.0,CLE,PF,38.0,17.0,22.8,1.9,4.8,0.407,1.2,3.6,0.333,0.8,1.2,0.617,0.53,0.6,0.8,0.75,0.8,3.3,4.1,1.6,0.8,0.4,0.3,1.6,5.7,0.15,0.25
Yves Missi,21.0,NOP,C,39.0,7.0,18.8,2.4,4.4,0.543,0.0,0.0,0.0,2.4,4.4,0.547,0.543,0.7,1.3,0.592,3.0,2.6,5.5,1.2,0.3,1.3,0.8,1.7,5.6,0.14358974358974358,0.2978723404255319
Josh Okogie,27.0,HOU,SG,43.0,27.0,19.9,2.0,4.4,0.444,0.9,2.3,0.396,1.0,2.0,0.5,0.55,0.7,1.1,0.646,1.1,1.6,2.7,0.9,1.0,0.2,0.7,1.6,5.6,0.13023255813953488,0.2814070351758794
Jaylin Williams,23.0,OKC,PF,31.0,4.0,18.0,1.7,4.8,0.365,1.1,3.7,0.304,0.6,1.1,0.576,0.483,1.0,1.3,0.732,0.5,4.1,4.6,2.5,0.6,0.5,1.0,2.0,5.6,0.18064516129032257,0.3111111111111111
Eric Gordon,37.0,PHI,SG,6.0,0.0,12.3,2.0,3.5,0.571,1.3,2.3,0.571,0.7,1.2,0.571,0.762,0.2,0.3,0.5,0.2,0.2,0.3,0.5,0.7,0.2,0.5,0.5,5.5,0.9166666666666666,0.44715447154471544
Oso Ighodaro,23.0,PHO,PF,45.0,7.0,20.1,2.4,3.9,0.616,0.0,0.0,0.0,2.4,3.9,0.619,0.616,0.6,1.3,0.5,1.4,3.0,4.4,1.8,1.0,0.6,1.2,2.6,5.5,0.12222222222222222,0.2736318407960199
Cody Williams,21.0,UTA,SG,33.0,10.0,17.8,2.4,5.1,0.462,0.4,1.8,0.224,2.0,3.4,0.586,0.5,0.4,0.7,0.565,0.8,1.4,2.2,0.8,0.4,0.4,0.5,1.7,5.5,0.16666666666666666,0.3089887640449438
Jevon Carter,30.0,CHI,PG,21.0,0.0,11.1,1.8,4.4,0.398,1.4,3.3,0.414,0.4,1.1,0.348,0.554,0.5,0.5,1.0,0.2,0.8,1.0,0.9,0.6,0.0,0.5,0.8,5.4,0.2571428571428572,0.4864864864864865
Johnny Furphy,21.0,IND,SG,28.0,14.0,17.9,2.1,4.2,0.492,0.8,2.0,0.368,1.3,2.2,0.607,0.581,0.5,1.0,0.464,1.0,3.3,4.2,0.9,0.6,0.2,0.8,1.8,5.4,0.19285714285714287,0.30167597765363136
Will Riley,19.0,WAS,SF,36.0,1.0,14.3,1.9,4.7,0.412,0.5,1.8,0.258,1.5,2.9,0.51,0.462,1.0,1.3,0.8,0.7,1.3,2.0,1.1,0.4,0.1,0.8,0.8,5.4,0.15000000000000002,0.3776223776223776
Ben Saraf,19.0,BRK,SG,12.0,5.0,16.9,1.8,5.2,0.355,0.8,2.8,0.273,1.1,2.4,0.448,0.427,1.0,1.3,0.8,0.4,1.2,1.6,2.8,0.7,0.3,1.9,1.3,5.4,0.45,0.31952662721893493
Pat Spencer,29.0,GSW,PG,30.0,3.0,13.7,2.1,5.1,0.408,0.6,1.6,0.362,1.5,3.5,0.429,0.464,0.7,0.8,0.875,0.6,1.3,2.0,3.0,0.6,0.0,0.9,1.1,5.4,0.18000000000000002,0.3941605839416059
Nique Clifford,23.0,SAC,SG,42.0,3.0,18.5,2.0,5.0,0.401,0.7,2.3,0.292,1.4,2.8,0.491,0.467,0.5,0.8,0.676,0.7,2.2,2.9,1.3,0.5,0.3,1.1,1.9,5.3,0.1261904761904762,0.2864864864864865
Keon Ellis,26.0,SAC,SG,39.0,5.0,17.3,1.8,4.7,0.384,1.2,3.2,0.357,0.7,1.5,0.441,0.505,0.5,0.8,0.633,0.4,1.0,1.3,0.6,1.1,0.5,0.5,1.6,5.3,0.1358974358974359,0.30635838150289013
Drew Eubanks,28.0,SAC,C,30.0,11.0,14.0,2.2,3.7,0.6,0.0,0.1,0.25,2.2,3.5,0.613,0.605,0.8,1.4,0.558,0.8,1.9,2.7,0.3,0.4,0.6,0.8,1.4,5.2,0.17333333333333334,0.37142857142857144
Garrison Mathews,29.0,IND,SG,15.0,1.0,13.1,1.4,3.5,0.404,1.1,3.1,0.37,0.3,0.4,0.667,0.567,1.3,1.5,0.826,0.1,1.0,1.1,0.7,0.4,0.2,0.2,1.3,5.2,0.3466666666666667,0.39694656488549623
Asa Newell,20.0,ATL,PF,33.0,0.0,10.6,2.0,3.6,0.558,0.8,1.7,0.439,1.3,1.9,0.667,0.663,0.3,0.6,0.55,0.8,1.1,1.9,0.5,0.4,0.3,0.5,1.6,5.2,0.1575757575757576,0.4905660377358491
Noah Penda,21.0,ORL,SF,29.0,2.0,14.1,1.9,4.1,0.45,0.7,1.7,0.429,1.1,2.4,0.465,0.538,0.7,1.2,0.6,1.6,2.4,4.0,1.2,0.6,0.4,0.8,1.4,5.2,0.1793103448275862,0.3687943262411348
Tolu Smith,25.0,DET,PF,5.0,0.0,11.0,1.4,3.0,0.467,0.0,0.0,0.0,1.4,3.0,0.467,0.467,2.4,3.0,0.8,2.0,3.6,5.6,0.8,0.4,1.0,0.8,1.4,5.2,1.04,0.4727272727272727
Jalen Wilson,25.0,BRK,PF,29.0,0.0,13.7,1.6,4.2,0.377,0.9,2.7,0.351,0.7,1.6,0.422,0.488,1.0,1.3,0.757,0.1,1.1,1.2,0.6,0.3,0.1,0.5,1.2,5.1,0.17586206896551723,0.3722627737226277
Lonzo Ball,28.0,CLE,PG,31.0,3.0,21.3,1.6,5.3,0.309,1.2,4.4,0.277,0.4,0.9,0.464,0.424,0.5,0.6,0.7,0.8,3.2,4.0,4.1,1.3,0.3,1.5,1.4,5.0,0.16129032258064516,0.2347417840375587
Branden Carlson,26.0,OKC,C,32.0,2.0,11.0,2.1,3.9,0.524,0.6,1.8,0.351,1.4,2.2,0.667,0.603,0.3,0.5,0.529,0.6,2.0,2.5,0.6,0.2,0.5,0.4,0.9,5.0,0.15625,0.45454545454545453
Taylor Hendricks,22.0,UTA,PF,31.0,6.0,15.0,1.8,3.8,0.47,0.7,2.0,0.365,1.0,1.7,0.593,0.568,0.7,1.0,0.767,0.9,2.2,3.1,0.7,0.4,0.3,0.5,1.3,5.0,0.16129032258064516,0.3333333333333333
Karlo Matković,24.0,NOP,PF,34.0,2.0,12.8,2.1,3.4,0.624,0.5,1.1,0.421,1.7,2.3,0.722,0.692,0.2,0.4,0.533,0.8,2.4,3.2,0.7,0.3,0.7,0.5,1.6,5.0,0.14705882352941177,0.390625
Gary Payton II,33.0,GSW,SG,43.0,1.0,12.8,2.2,4.1,0.542,0.3,1.1,0.292,1.9,3.0,0.636,0.582,0.2,0.3,0.571,1.1,2.1,3.2,1.6,0.5,0.3,0.9,1.5,5.0,0.11627906976744186,0.390625
Tyrese Proctor,21.0,CLE,PG,33.0,1.0,10.5,1.7,4.4,0.384,0.9,2.8,0.337,0.8,1.6,0.463,0.49,0.6,0.8,0.84,0.2,1.0,1.2,1.2,0.3,0.0,0.5,1.2,5.0,0.15151515151515152,0.47619047619047616
Matisse Thybulle,28.0,POR,SG,4.0,0.0,12.3,1.5,2.5,0.6,1.0,1.5,0.667,0.5,1.0,0.5,0.8,1.0,1.0,1.0,0.0,1.0,1.0,0.8,2.5,0.0,0.3,1.8,5.0,1.25,0.4065040650406504
Jarred Vanderbilt,26.0,LAL,PF,35.0,3.0,19.6,1.9,3.9,0.486,0.5,1.6,0.333,1.4,2.3,0.593,0.554,0.6,0.9,0.667,1.6,3.5,5.1,1.3,0.9,0.4,1.1,1.9,5.0,0.14285714285714285,0.25510204081632654
Tyler Kolek,24.0,NYK,PG,39.0,1.0,13.3,2.0,4.6,0.43,0.6,1.9,0.329,1.3,2.6,0.505,0.5,0.3,0.4,0.688,0.3,1.6,1.9,2.7,0.4,0.1,1.0,1.4,4.9,0.12564102564102564,0.3684210526315789
Micah Peavy,24.0,NOP,SG,39.0,1.0,16.1,2.1,5.1,0.4,0.5,1.9,0.257,1.6,3.2,0.484,0.448,0.3,0.4,0.733,0.9,1.3,2.3,1.2,0.7,0.2,0.3,1.7,4.9,0.12564102564102564,0.30434782608695654
Mitchell Robinson,27.0,NYK,C,32.0,13.0,19.5,2.1,3.1,0.68,0.0,0.0,0.0,2.1,3.1,0.68,0.68,0.6,1.7,0.377,4.9,4.3,9.2,1.0,0.9,1.2,0.7,2.4,4.9,0.153125,0.2512820512820513
Dylan Cardwell,24.0,SAC,C,19.0,1.0,19.2,2.1,3.7,0.557,0.0,0.1,0.0,2.1,3.6,0.565,0.557,0.7,1.4,0.538,2.8,4.1,6.9,1.1,0.8,1.6,0.7,3.9,4.8,0.25263157894736843,0.25
Justin Edwards,22.0,PHI,SF,33.0,5.0,14.4,1.7,4.4,0.384,1.0,2.9,0.333,0.7,1.5,0.48,0.493,0.5,0.5,0.882,0.5,1.1,1.5,1.2,0.6,0.2,0.6,1.5,4.8,0.14545454545454545,0.3333333333333333
Jett Howard,22.0,ORL,SF,28.0,0.0,11.0,1.6,4.4,0.374,0.9,2.8,0.333,0.7,1.6,0.444,0.48,0.6,0.6,0.944,0.4,1.1,1.4,0.9,0.1,0.1,0.2,1.0,4.8,0.17142857142857143,0.43636363636363634
Dalton Knecht,24.0,LAL,SF,36.0,1.0,12.5,1.8,4.2,0.437,0.8,2.5,0.319,1.0,1.7,0.617,0.533,0.3,0.4,0.688,0.3,1.3,1.6,0.4,0.2,0.3,0.4,1.0,4.8,0.13333333333333333,0.384
Craig Porter Jr.,25.0,CLE,PG,42.0,2.0,17.7,2.0,4.2,0.469,0.6,1.4,0.4,1.4,2.7,0.504,0.537,0.4,0.6,0.556,1.4,2.1,3.5,3.0,0.9,0.6,0.9,1.1,4.8,0.11428571428571428,0.2711864406779661
Olivier-Maxence Prosper,23.0,MEM,PF,20.0,0.0,11.3,1.6,3.2,0.484,0.4,1.1,0.318,1.2,2.1,0.571,0.539,1.3,1.4,0.929,0.6,1.7,2.3,0.8,0.2,0.1,0.6,0.8,4.8,0.24,0.42477876106194684
Mike Conley,38.0,MIN,PG,39.0,8.0,18.5,1.4,4.1,0.338,1.0,3.1,0.336,0.4,1.1,0.341,0.463,0.9,1.1,0.881,0.3,1.4,1.7,2.9,0.6,0.2,0.6,1.5,4.7,0.12051282051282051,0.25405405405405407
Zeke Nnaji,25.0,DEN,PF,33.0,2.0,13.7,1.7,3.4,0.487,0.3,1.2,0.275,1.3,2.2,0.603,0.535,1.0,1.2,0.825,0.7,2.1,2.8,0.6,0.4,0.5,0.5,1.4,4.7,0.14242424242424243,0.34306569343065696
Gabe Vincent,29.0,LAL,PG,24.0,7.0,19.6,1.5,4.5,0.33,1.3,3.6,0.36,0.2,1.0,0.217,0.472,0.4,0.5,0.909,0.3,0.6,0.9,1.3,0.5,0.0,0.4,2.1,4.7,0.19583333333333333,0.23979591836734693
Grant Williams,27.0,CHO,PF,6.0,0.0,17.2,1.5,4.8,0.31,0.8,3.8,0.217,0.7,1.0,0.667,0.397,0.8,1.0,0.833,0.8,2.3,3.2,1.2,0.8,0.3,0.5,0.8,4.7,0.7833333333333333,0.2732558139534884
PJ Hall,23.0,2TM,C,15.0,2.0,10.3,1.7,2.9,0.591,0.2,0.3,0.6,1.5,2.6,0.59,0.625,0.9,1.3,0.7,1.5,1.9,3.5,0.5,0.1,0.6,0.7,1.1,4.6,0.30666666666666664,0.44660194174757273
PJ Hall,23.0,MEM,C,7.0,0.0,3.9,0.7,1.3,0.556,0.1,0.4,0.333,0.6,0.9,0.667,0.611,0.3,0.4,0.667,0.4,0.9,1.3,0.3,0.0,0.3,0.1,0.4,1.9,0.2714285714285714,0.48717948717948717
PJ Hall,23.0,CHO,C,8.0,2.0,15.9,2.6,4.4,0.6,0.3,0.3,1.0,2.4,4.1,0.576,0.629,1.5,2.1,0.706,2.5,2.9,5.4,0.6,0.1,0.9,1.3,1.6,7.0,0.875,0.44025157232704404
Ochai Agbaji,25.0,TOR,SG,38.0,13.0,16.5,1.8,4.4,0.422,0.3,1.7,0.188,1.5,2.7,0.569,0.458,0.6,0.7,0.889,0.8,1.6,2.4,0.8,0.4,0.3,0.4,1.9,4.6,0.12105263157894736,0.27878787878787875
Nicolas Batum,37.0,LAC,PF,43.0,4.0,20.1,1.5,3.8,0.393,1.4,3.6,0.394,0.1,0.2,0.375,0.58,0.2,0.3,0.818,0.4,2.2,2.6,0.8,0.8,0.4,0.6,1.7,4.6,0.10697674418604651,0.22885572139303478
Thomas Bryant,28.0,CLE,C,32.0,0.0,9.1,1.6,3.2,0.515,0.5,1.5,0.347,1.1,1.6,0.673,0.599,0.8,1.0,0.806,0.8,1.8,2.5,0.4,0.2,0.4,0.4,1.2,4.6,0.14375,0.5054945054945055
Mouhamed Gueye,23.0,ATL,PF,45.0,4.0,16.0,1.8,4.2,0.439,0.5,1.8,0.272,1.3,2.4,0.566,0.497,0.5,0.9,0.59,1.1,2.4,3.5,1.0,0.8,0.6,0.6,1.7,4.6,0.10222222222222221,0.2875
Jeremiah Robinson-Earl,25.0,2TM,PF,22.0,3.0,16.4,1.7,4.5,0.37,0.5,1.9,0.244,1.2,2.7,0.458,0.42,0.8,0.8,0.944,1.6,3.0,4.7,0.7,0.4,0.0,0.5,1.2,4.6,0.20909090909090908,0.2804878048780488
Jeremiah Robinson-Earl,25.0,IND,PF,17.0,3.0,17.6,1.7,4.9,0.349,0.5,1.9,0.242,1.2,2.9,0.42,0.398,0.8,0.8,0.929,1.9,3.3,5.2,0.7,0.4,0.1,0.6,1.4,4.6,0.27058823529411763,0.2613636363636363
Jeremiah Robinson-Earl,25.0,DAL,PF,5.0,0.0,12.2,1.6,3.4,0.471,0.4,1.6,0.25,1.2,1.8,0.667,0.529,0.8,0.8,1.0,0.8,2.2,3.0,0.6,0.4,0.0,0.4,0.6,4.4,0.8800000000000001,0.3606557377049181
Josh Green,25.0,CHO,SG,22.0,0.0,15.9,1.6,3.5,0.449,1.1,2.7,0.424,0.5,0.9,0.526,0.609,0.2,0.3,0.667,1.0,1.1,2.1,1.0,0.6,0.1,0.5,1.1,4.5,0.20454545454545456,0.2830188679245283
DaRon Holmes,23.0,DEN,PF,12.0,6.0,14.1,1.4,3.4,0.415,1.2,2.8,0.412,0.3,0.6,0.429,0.585,0.5,0.7,0.75,0.4,1.6,2.0,1.3,0.0,0.3,0.4,1.3,4.5,0.375,0.3191489361702128
DeAndre Jordan,37.0,NOP,C,2.0,1.0,11.5,2.0,2.5,0.8,0.0,0.0,0.0,2.0,2.5,0.8,0.8,0.5,1.0,0.5,2.0,3.0,5.0,0.0,0.0,0.0,0.5,0.5,4.5,2.25,0.391304347826087
A.J. Lawson,25.0,TOR,SG,11.0,0.0,9.6,1.5,3.7,0.39,0.7,2.0,0.364,0.7,1.7,0.421,0.488,0.8,0.8,1.0,0.6,1.4,2.0,0.3,0.4,0.3,0.4,1.4,4.5,0.4090909090909091,0.46875
Terrence Shannon Jr.,25.0,MIN,SG,22.0,0.0,12.8,1.5,3.7,0.395,0.7,1.7,0.405,0.8,2.0,0.386,0.488,1.0,1.2,0.778,0.3,1.0,1.3,0.6,0.3,0.0,0.7,1.3,4.5,0.20454545454545456,0.3515625
Javon Small,23.0,MEM,PG,15.0,0.0,12.3,1.4,3.9,0.362,0.7,2.1,0.344,0.7,1.7,0.385,0.457,0.9,1.1,0.824,0.3,1.0,1.3,3.2,0.3,0.1,1.3,1.3,4.5,0.3,0.36585365853658536
Julian Strawther,23.0,DEN,SG,23.0,1.0,10.4,1.4,3.7,0.384,0.3,1.6,0.216,1.1,2.1,0.51,0.43,1.3,1.6,0.784,0.1,1.3,1.4,0.8,0.2,0.0,0.4,1.0,4.5,0.1956521739130435,0.43269230769230765
Ethan Thompson,26.0,IND,SG,19.0,5.0,16.1,1.5,4.3,0.358,0.8,2.9,0.286,0.7,1.3,0.52,0.457,0.5,0.8,0.667,0.6,1.3,1.8,1.4,0.5,0.3,0.6,1.9,4.4,0.23157894736842108,0.2732919254658385
RayJ Dennis,24.0,3TM,PG,15.0,0.0,11.8,1.5,4.9,0.301,0.8,2.6,0.308,0.7,2.3,0.294,0.384,0.5,0.6,0.889,0.5,1.0,1.5,2.0,0.3,0.3,1.0,1.1,4.3,0.2866666666666667,0.3644067796610169
RayJ Dennis,24.0,IND,PG,13.0,0.0,12.9,1.7,5.5,0.306,0.9,2.9,0.316,0.8,2.6,0.294,0.389,0.6,0.7,0.889,0.6,1.0,1.6,2.0,0.2,0.3,1.1,1.2,4.9,0.37692307692307697,0.3798449612403101
RayJ Dennis,24.0,LAC,PG,1.0,0.0,4.0,0.0,0.0,0.0,0.0,0.0,0.0,0.0,0.0,0.0,0.0,0.0,0.0,0.0,0.0,2.0,2.0,0.0,0.0,0.0,1.0,0.0,0.0,0.0,0.0
RayJ Dennis,24.0,ATL,PG,1.0,0.0,5.0,0.0,1.0,0.0,0.0,1.0,0.0,0.0,0.0,0.0,0.0,0.0,0.0,0.0,0.0,0.0,0.0,4.0,1.0,0.0,0.0,1.0,0.0,0.0,0.0
Jordan Hawkins,23.0,NOP,SG,35.0,0.0,14.1,1.5,4.8,0.32,0.8,2.7,0.301,0.7,2.2,0.342,0.402,0.4,0.5,0.778,0.4,1.4,1.8,0.7,0.2,0.2,0.6,0.6,4.3,0.12285714285714285,0.3049645390070922
Trayce Jackson-Davis,25.0,GSW,C,32.0,1.0,11.9,1.8,2.9,0.596,0.0,0.0,1.0,1.7,2.9,0.591,0.601,0.8,1.4,0.565,1.4,1.9,3.3,0.9,0.3,0.6,0.4,1.1,4.3,0.134375,0.36134453781512604
Kasparas Jakučionis,19.0,MIA,PG,20.0,4.0,14.6,1.3,3.7,0.342,1.0,2.3,0.444,0.3,1.4,0.179,0.479,0.8,0.9,0.889,0.7,1.5,2.2,1.8,0.5,0.0,0.8,1.6,4.3,0.215,0.2945205479452055
Dereck Lively II,21.0,DAL,C,7.0,4.0,16.4,1.6,2.6,0.611,0.0,0.0,0.0,1.6,2.6,0.611,0.611,1.1,1.4,0.8,2.0,3.3,5.3,1.9,0.6,1.6,1.4,3.0,4.3,0.6142857142857142,0.2621951219512195
Liam McNeeley,20.0,CHO,SF,27.0,0.0,12.4,1.3,3.2,0.395,0.8,2.1,0.379,0.4,1.0,0.429,0.523,0.9,1.1,0.806,0.4,1.8,2.2,0.9,0.2,0.1,0.4,1.3,4.3,0.15925925925925924,0.34677419354838707
Jeremy Sochan,22.0,SAS,PF,27.0,0.0,13.1,1.7,3.6,0.48,0.3,1.3,0.257,1.4,2.3,0.603,0.526,0.4,0.6,0.688,1.0,1.7,2.7,1.0,0.4,0.1,0.7,1.9,4.2,0.15555555555555556,0.3206106870229008
Keaton Wallace,26.0,ATL,PG,36.0,2.0,12.2,1.6,3.7,0.421,0.9,2.3,0.402,0.6,1.4,0.451,0.545,0.2,0.3,0.545,0.1,1.2,1.3,2.2,0.6,0.1,0.6,1.0,4.2,0.11666666666666667,0.34426229508196726
Malaki Branham,22.0,WAS,SG,25.0,0.0,9.5,1.4,3.0,0.453,0.4,1.1,0.321,1.0,1.9,0.532,0.513,1.0,1.2,0.833,0.4,1.2,1.6,0.9,0.4,0.1,0.5,0.7,4.1,0.16399999999999998,0.431578947368421
Jaylen Clark,24.0,MIN,SG,42.0,0.0,14.0,1.5,3.4,0.433,0.4,1.4,0.288,1.0,2.0,0.537,0.493,0.8,1.2,0.647,0.9,1.0,2.0,0.6,0.8,0.2,0.3,1.5,4.1,0.0976190476190476,0.2928571428571428
Hugo González,19.0,BOS,SF,40.0,2.0,14.9,1.7,3.2,0.516,0.6,1.4,0.393,1.1,1.8,0.611,0.602,0.2,0.4,0.529,0.9,2.5,3.4,0.6,0.6,0.3,0.6,1.9,4.1,0.1025,0.2751677852348993
Adem Bona,22.0,PHI,C,35.0,3.0,16.7,1.4,2.4,0.59,0.1,0.1,0.4,1.3,2.2,0.603,0.602,1.2,1.7,0.672,1.8,2.1,3.9,0.3,0.3,1.4,0.8,2.1,4.0,0.11428571428571428,0.23952095808383234
Tony Bradley,28.0,IND,C,38.0,3.0,10.9,1.6,2.8,0.557,0.0,0.1,0.5,1.5,2.7,0.558,0.561,0.8,1.1,0.744,1.5,1.3,2.8,0.5,0.2,0.2,0.4,1.6,4.0,0.10526315789473684,0.36697247706422015
Brandon Clarke,29.0,MEM,PF,2.0,2.0,10.0,1.5,4.5,0.333,0.0,0.0,0.0,1.5,4.5,0.333,0.333,1.0,2.0,0.5,2.0,1.0,3.0,0.5,1.0,0.0,0.0,2.5,4.0,2.0,0.4
Ousmane Dieng,22.0,OKC,C,22.0,0.0,11.0,1.5,3.4,0.446,0.8,1.8,0.436,0.7,1.6,0.457,0.561,0.3,0.3,1.0,0.3,1.3,1.6,0.9,0.0,0.3,0.3,0.9,4.0,0.18181818181818182,0.36363636363636365
Moussa Cisse,23.0,DAL,C,26.0,1.0,11.6,1.5,2.3,0.639,0.0,0.0,0.0,1.5,2.3,0.639,0.639,0.9,1.9,0.46,1.9,2.7,4.5,0.2,0.3,1.2,0.8,1.8,3.9,0.15,0.33620689655172414
Jabari Walker,23.0,PHI,PF,40.0,6.0,12.7,1.4,3.3,0.417,0.4,1.4,0.246,1.0,1.9,0.547,0.47,0.8,1.1,0.727,1.3,2.1,3.3,0.5,0.3,0.3,0.4,1.8,3.9,0.0975,0.30708661417322836
Cam Christie,20.0,LAC,SG,29.0,0.0,10.1,1.2,2.9,0.4,0.3,1.2,0.278,0.8,1.7,0.49,0.459,1.0,1.3,0.744,0.3,1.4,1.8,0.6,0.3,0.1,0.4,0.5,3.7,0.12758620689655173,0.3663366336633664
Gui Santos,23.0,GSW,PF,35.0,3.0,11.5,1.3,2.8,0.465,0.7,1.8,0.359,0.7,1.0,0.657,0.581,0.5,0.7,0.667,0.7,1.6,2.3,1.0,0.4,0.2,0.7,1.3,3.7,0.10571428571428572,0.32173913043478264
Clint Capela,31.0,HOU,C,37.0,1.0,11.6,1.6,3.1,0.531,0.0,0.0,0.0,1.6,3.1,0.531,0.531,0.4,0.8,0.5,2.4,2.2,4.6,0.5,0.5,0.7,0.5,0.9,3.6,0.0972972972972973,0.3103448275862069
Rob Dillingham,21.0,MIN,PG,32.0,0.0,9.8,1.4,4.2,0.338,0.3,1.0,0.355,1.1,3.2,0.333,0.38,0.5,0.6,0.75,0.2,1.1,1.2,1.8,0.5,0.1,1.0,1.1,3.6,0.1125,0.36734693877551017
Yanic Konan Niederhäuser,22.0,LAC,C,24.0,0.0,8.8,1.4,2.1,0.647,0.0,0.1,0.0,1.4,2.0,0.673,0.647,0.8,1.3,0.645,0.8,1.3,2.2,0.3,0.1,0.5,0.5,1.2,3.6,0.15,0.40909090909090906
Charles Bassey,25.0,MEM,C,2.0,0.0,15.5,1.5,4.0,0.375,0.0,0.0,0.0,1.5,4.0,0.375,0.375,0.5,1.5,0.333,3.5,4.0,7.5,1.0,0.5,0.5,0.5,2.5,3.5,1.75,0.22580645161290322
Jamison Battle,24.0,TOR,SF,34.0,2.0,8.8,1.3,2.4,0.549,0.6,1.4,0.458,0.7,1.0,0.676,0.683,0.2,0.3,0.667,0.3,1.2,1.5,0.4,0.1,0.1,0.4,0.8,3.5,0.10294117647058823,0.3977272727272727
Larry Nance Jr.,33.0,CLE,PF,19.0,2.0,14.3,1.4,3.9,0.365,0.6,2.1,0.308,0.8,1.8,0.429,0.446,0.1,0.2,0.333,0.8,1.8,2.7,1.1,0.6,0.2,0.5,2.3,3.5,0.18421052631578946,0.24475524475524474
Kelly Olynyk,34.0,SAS,C,28.0,0.0,9.5,1.2,2.6,0.472,0.3,1.4,0.237,0.9,1.2,0.735,0.535,0.7,1.1,0.667,0.6,1.3,1.9,1.3,0.5,0.0,0.6,1.2,3.5,0.125,0.3684210526315789
Doug McDermott,34.0,SAC,SF,7.0,0.0,10.0,1.1,3.3,0.348,1.1,3.3,0.348,0.0,0.0,0.0,0.522,0.0,0.0,0.0,0.0,0.7,0.7,0.3,0.0,0.1,0.4,0.7,3.4,0.4857142857142857,0.33999999999999997
Drew Timme,25.0,LAL,PF,11.0,0.0,8.4,1.5,2.5,0.593,0.5,0.9,0.5,1.0,1.5,0.647,0.685,0.0,0.1,0.0,0.5,1.0,1.5,1.0,0.5,0.0,0.3,0.7,3.4,0.3090909090909091,0.4047619047619047
Jamir Watkins,24.0,WAS,SG,19.0,2.0,14.5,1.2,2.5,0.458,0.4,1.5,0.25,0.8,1.1,0.75,0.531,0.7,0.9,0.778,0.7,2.4,3.1,0.6,0.7,0.4,0.4,2.4,3.4,0.17894736842105263,0.23448275862068965
Chaz Lanier,24.0,DET,SG,16.0,0.0,9.6,1.1,3.0,0.354,0.9,2.6,0.341,0.2,0.4,0.429,0.5,0.3,0.3,1.0,0.4,0.6,0.9,0.8,0.3,0.0,0.1,0.3,3.3,0.20625,0.34375
James Wiseman,24.0,IND,C,4.0,1.0,14.5,1.5,2.5,0.6,0.0,0.0,0.0,1.5,2.5,0.6,0.6,0.3,0.5,0.5,1.3,0.8,2.0,0.8,0.0,0.3,1.3,2.5,3.3,0.825,0.2275862068965517
Devin Carter,23.0,SAC,PG,12.0,0.0,8.4,1.1,3.2,0.342,0.4,1.7,0.25,0.7,1.5,0.444,0.408,0.6,0.6,1.0,0.4,0.8,1.2,1.1,0.5,0.2,0.7,0.8,3.2,0.26666666666666666,0.38095238095238093
Dorian Finney-Smith,32.0,HOU,PF,13.0,0.0,15.5,1.1,3.4,0.318,0.8,2.7,0.286,0.3,0.7,0.444,0.432,0.2,0.2,1.0,1.0,1.7,2.7,0.5,0.2,0.2,0.5,1.7,3.2,0.24615384615384617,0.2064516129032258
Myron Gardner,24.0,MIA,SF,18.0,0.0,7.1,1.2,2.6,0.457,0.6,1.5,0.37,0.6,1.1,0.579,0.565,0.3,0.5,0.667,0.8,1.2,1.9,0.8,0.4,0.2,0.1,1.4,3.2,0.17777777777777778,0.45070422535211274
Miles Kelly,23.0,DAL,PG,9.0,0.0,8.6,1.2,3.1,0.393,0.8,2.4,0.318,0.4,0.7,0.667,0.518,0.0,0.0,0.0,0.4,0.9,1.3,0.6,0.2,0.0,0.3,0.9,3.2,0.35555555555555557,0.372093023255814
Dwight Powell,34.0,DAL,C,32.0,7.0,14.9,1.0,1.5,0.653,0.0,0.0,0.0,1.0,1.5,0.653,0.653,1.2,1.8,0.655,1.3,2.5,3.9,1.0,0.6,0.4,0.5,2.0,3.2,0.1,0.21476510067114093
Nick Richards,28.0,PHO,C,28.0,2.0,9.1,1.3,2.5,0.493,0.0,0.0,0.0,1.3,2.5,0.493,0.493,0.7,1.0,0.679,1.3,2.0,3.3,0.3,0.1,0.5,0.9,1.4,3.2,0.1142857142857143,0.3516483516483517
Tyus Jones,29.0,ORL,PG,43.0,8.0,16.1,1.2,3.5,0.336,0.6,2.3,0.278,0.5,1.2,0.442,0.426,0.1,0.1,1.0,0.2,0.9,1.1,2.3,0.7,0.1,0.3,0.6,3.1,0.07209302325581396,0.19254658385093165
Mark Sears,23.0,MIL,PG,7.0,0.0,3.7,0.9,1.9,0.462,0.6,1.1,0.5,0.3,0.7,0.4,0.615,0.9,1.1,0.75,0.1,0.1,0.3,0.3,0.0,0.0,0.6,0.6,3.1,0.4428571428571429,0.8378378378378378
Dalen Terry,23.0,CHI,SG,28.0,0.0,10.1,1.2,2.8,0.436,0.5,1.2,0.382,0.8,1.6,0.477,0.519,0.2,0.4,0.545,0.5,1.2,1.7,1.1,0.6,0.3,0.6,1.0,3.1,0.11071428571428572,0.3069306930693069
Joan Beringer,19.0,MIN,PF,19.0,0.0,6.7,1.4,2.0,0.711,0.0,0.0,0.0,1.4,2.0,0.711,0.711,0.2,0.2,0.75,0.9,1.1,2.1,0.3,0.2,0.4,0.3,1.0,3.0,0.15789473684210525,0.44776119402985076
Kobe Bufkin,22.0,LAL,SG,4.0,0.0,11.3,1.0,2.8,0.364,0.5,1.8,0.286,0.5,1.0,0.5,0.455,0.5,0.5,1.0,0.3,1.0,1.3,0.5,0.3,0.8,0.3,0.8,3.0,0.75,0.2654867256637168
Pat Connaughton,33.0,CHO,SG,21.0,0.0,7.0,1.0,2.1,0.489,0.5,1.3,0.407,0.5,0.9,0.611,0.611,0.4,0.6,0.615,0.2,1.1,1.3,0.6,0.2,0.0,0.1,0.2,3.0,0.14285714285714285,0.42857142857142855
Keshad Johnson,24.0,MIA,SF,19.0,0.0,7.6,1.1,2.7,0.385,0.3,1.1,0.286,0.7,1.6,0.452,0.442,0.6,0.8,0.733,0.7,1.2,1.8,0.1,0.3,0.2,0.4,0.8,3.0,0.15789473684210525,0.39473684210526316
Chris Livingston,22.0,CLE,SF,3.0,0.0,5.7,1.3,2.3,0.571,0.0,1.0,0.0,1.3,1.3,1.0,0.571,0.3,0.3,1.0,0.0,1.0,1.0,0.3,0.3,0.0,0.0,1.3,3.0,1.0,0.5263157894736842
Alijah Martin,24.0,TOR,SG,10.0,0.0,8.8,0.9,2.6,0.346,0.2,1.1,0.182,0.7,1.5,0.467,0.385,1.0,1.2,0.833,0.6,0.6,1.2,0.8,0.5,0.3,0.3,0.9,3.0,0.3,0.3409090909090909
Emanuel Miller,25.0,CHI,PF,5.0,0.0,6.6,1.2,2.6,0.462,0.4,1.2,0.333,0.8,1.4,0.571,0.538,0.2,0.4,0.5,0.2,0.4,0.6,0.8,0.4,0.0,0.0,0.4,3.0,0.6,0.4545454545454546
Riley Minix,25.0,SAS,SF,3.0,0.0,2.7,1.3,2.0,0.667,0.3,1.0,0.333,1.0,1.0,1.0,0.75,0.0,0.0,0.0,0.3,0.3,0.7,0.3,0.3,0.0,0.0,0.3,3.0,1.0,1.111111111111111
Monte Morris,30.0,IND,PG,6.0,0.0,10.8,1.2,3.3,0.35,0.3,1.3,0.25,0.8,2.0,0.417,0.4,0.3,0.7,0.5,0.2,1.0,1.2,1.5,0.2,0.2,0.3,0.5,3.0,0.5,0.27777777777777773
Antonio Reeves,25.0,CHO,SG,7.0,0.0,8.0,1.1,2.3,0.5,0.7,1.4,0.5,0.4,0.9,0.5,0.656,0.0,0.0,0.0,0.1,0.6,0.7,0.3,0.1,0.0,0.0,0.4,3.0,0.42857142857142855,0.375
Baylor Scheierman,25.0,BOS,SG,40.0,3.0,12.7,1.1,2.4,0.457,0.8,1.8,0.417,0.3,0.6,0.591,0.617,0.1,0.1,0.8,0.3,1.6,2.0,0.8,0.6,0.1,0.4,1.4,3.0,0.075,0.2362204724409449
Kobe Brown,26.0,LAC,PF,28.0,0.0,9.4,0.9,2.6,0.361,0.4,1.5,0.233,0.6,1.0,0.552,0.431,0.6,0.8,0.818,0.6,1.1,1.8,0.9,0.3,0.1,0.4,0.5,2.9,0.10357142857142856,0.30851063829787234
David Jones García,24.0,SAS,SF,11.0,0.0,6.2,1.2,2.3,0.52,0.3,0.5,0.6,0.9,1.8,0.5,0.58,0.3,0.5,0.5,0.4,0.8,1.2,1.6,0.5,0.1,0.5,0.5,2.9,0.2636363636363636,0.46774193548387094
John Konchar,29.0,MEM,SG,27.0,1.0,13.6,1.1,2.3,0.492,0.4,1.2,0.303,0.7,1.0,0.714,0.574,0.3,0.5,0.615,0.6,2.4,2.9,1.3,1.0,0.4,0.4,1.0,2.9,0.10740740740740741,0.21323529411764705
Pete Nance,25.0,MIL,PF,14.0,0.0,7.4,1.1,2.1,0.552,0.6,1.3,0.5,0.5,0.8,0.636,0.707,0.0,0.0,0.0,0.4,0.9,1.3,0.4,0.4,0.2,0.4,0.3,2.9,0.20714285714285713,0.3918918918918919
Chris Paul,40.0,LAC,PG,16.0,0.0,14.3,1.1,3.5,0.321,0.6,1.9,0.333,0.5,1.6,0.308,0.411,0.1,0.1,0.5,0.4,1.4,1.8,3.3,0.7,0.0,1.0,1.4,2.9,0.18125,0.20279720279720279
Duop Reath,29.0,POR,C,32.0,0.0,8.1,1.0,2.3,0.446,0.7,1.7,0.418,0.3,0.6,0.526,0.601,0.2,0.2,0.833,0.3,0.9,1.2,0.3,0.2,0.3,0.2,0.9,2.9,0.090625,0.35802469135802467
Jericho Sims,27.0,MIL,C,31.0,4.0,14.0,1.3,1.6,0.837,0.0,0.0,0.0,1.3,1.6,0.837,0.837,0.3,0.4,0.615,1.3,2.4,3.6,0.6,0.2,0.2,1.0,1.6,2.9,0.0935483870967742,0.20714285714285713
Trey Alexander,22.0,NOP,SG,5.0,0.0,8.4,1.2,1.8,0.667,0.4,0.6,0.667,0.8,1.2,0.667,0.778,0.0,0.0,0.0,0.0,0.8,0.8,1.0,0.2,0.2,0.2,0.8,2.8,0.5599999999999999,0.3333333333333333
Gary Harris,31.0,MIL,SG,34.0,2.0,14.9,1.0,2.0,0.485,0.6,1.2,0.476,0.4,0.8,0.5,0.632,0.2,0.3,0.889,0.4,1.1,1.5,1.1,0.6,0.1,0.4,1.2,2.8,0.08235294117647059,0.1879194630872483
Jonathan Isaac,28.0,ORL,PF,36.0,0.0,10.0,1.0,2.2,0.443,0.2,0.9,0.194,0.8,1.3,0.604,0.481,0.7,1.2,0.605,0.8,1.8,2.6,0.3,0.4,0.5,0.3,0.8,2.8,0.07777777777777778,0.27999999999999997
Bobi Klintman,22.0,DET,SF,6.0,0.0,8.8,1.2,3.5,0.333,0.5,1.8,0.273,0.7,1.7,0.4,0.405,0.0,0.5,0.0,0.8,1.8,2.7,0.7,0.3,0.0,0.8,1.5,2.8,0.4666666666666666,0.3181818181818181
Caleb Martin,30.0,DAL,SF,39.0,5.0,12.1,1.1,2.5,0.448,0.2,0.7,0.286,0.9,1.7,0.515,0.49,0.4,0.6,0.64,0.4,1.5,1.9,1.4,0.6,0.2,0.6,1.5,2.8,0.07179487179487179,0.23140495867768593
Julian Phillips,22.0,CHI,SF,30.0,2.0,9.7,1.1,2.5,0.427,0.5,1.5,0.318,0.6,1.0,0.581,0.52,0.2,0.2,0.833,0.7,0.7,1.3,0.2,0.5,0.2,0.2,1.1,2.8,0.09333333333333332,0.288659793814433
Guerschon Yabusele,30.0,NYK,C,38.0,0.0,9.2,1.1,2.7,0.392,0.5,1.7,0.308,0.5,1.0,0.541,0.49,0.2,0.3,0.667,0.6,1.5,2.1,0.5,0.1,0.1,0.4,0.9,2.8,0.07368421052631578,0.30434782608695654
Jamal Cain,26.0,ORL,SF,18.0,0.0,7.0,0.8,2.1,0.378,0.3,1.0,0.278,0.5,1.1,0.474,0.446,0.8,1.0,0.833,0.4,0.3,0.7,0.3,0.2,0.1,0.3,1.2,2.7,0.15000000000000002,0.38571428571428573
Kevon Looney,29.0,NOP,C,17.0,6.0,13.9,1.2,2.8,0.426,0.1,0.5,0.111,1.1,2.2,0.5,0.436,0.3,0.5,0.625,2.3,2.8,5.1,1.5,0.4,0.5,0.5,1.8,2.7,0.15882352941176472,0.19424460431654678
Jae'Sean Tate,30.0,HOU,SF,26.0,0.0,8.0,1.1,2.2,0.5,0.3,0.7,0.368,0.8,1.5,0.564,0.56,0.2,0.2,0.8,0.7,0.8,1.5,0.5,0.2,0.1,0.3,1.2,2.7,0.10384615384615385,0.3375
Rasheer Fleming,21.0,PHO,PF,24.0,0.0,7.0,1.0,2.8,0.353,0.3,1.6,0.205,0.7,1.2,0.552,0.412,0.3,0.4,0.778,0.7,0.6,1.3,0.2,0.3,0.3,0.2,0.8,2.6,0.10833333333333334,0.37142857142857144
Leonard Miller,22.0,MIN,SF,17.0,0.0,5.1,1.1,1.9,0.563,0.1,0.6,0.091,1.0,1.2,0.81,0.578,0.4,0.6,0.636,0.4,1.0,1.4,0.3,0.2,0.0,0.4,0.6,2.6,0.15294117647058825,0.5098039215686275
Rayan Rupert,21.0,POR,SG,39.0,0.0,11.8,1.0,2.9,0.354,0.4,1.4,0.264,0.7,1.5,0.433,0.416,0.2,0.3,0.583,0.4,1.2,1.7,0.7,0.5,0.1,0.4,1.2,2.6,0.06666666666666667,0.22033898305084745
Carter Bryant,20.0,SAS,PF,35.0,0.0,8.2,0.9,2.6,0.348,0.3,1.4,0.25,0.6,1.3,0.455,0.413,0.3,0.3,0.833,0.4,1.3,1.7,0.2,0.2,0.1,0.3,0.8,2.5,0.07142857142857142,0.30487804878048785
Christian Koloko,25.0,3TM,C,15.0,2.0,14.9,1.1,2.7,0.425,0.1,0.1,0.5,1.1,2.5,0.421,0.438,0.1,0.3,0.25,1.3,1.9,3.1,0.7,0.7,1.1,0.7,1.7,2.4,0.16,0.1610738255033557
Christian Koloko,25.0,LAL,C,2.0,0.0,3.0,0.0,0.0,0.0,0.0,0.0,0.0,0.0,0.0,0.0,0.0,0.0,0.0,0.0,0.0,0.5,0.5,0.0,0.0,0.0,0.0,0.5,0.0,0.0,0.0
Christian Koloko,25.0,MEM,C,11.0,2.0,17.7,1.3,3.2,0.4,0.0,0.1,0.0,1.3,3.1,0.412,0.4,0.1,0.4,0.25,1.7,2.3,4.0,0.9,0.9,1.2,0.6,1.8,2.6,0.23636363636363636,0.14689265536723164
Christian Koloko,25.0,ATL,C,2.0,0.0,11.5,1.5,2.5,0.6,0.5,0.5,1.0,1.0,2.0,0.5,0.7,0.0,0.0,0.0,0.0,1.0,1.0,0.0,0.5,1.5,1.5,2.5,3.5,1.75,0.30434782608695654
Elijah Harkless,25.0,UTA,SG,7.0,0.0,9.4,0.6,1.6,0.364,0.3,1.0,0.286,0.3,0.6,0.5,0.455,1.0,1.3,0.778,0.3,0.6,0.9,0.7,0.6,0.0,0.4,1.4,2.4,0.34285714285714286,0.2553191489361702
Xavier Tillman Sr.,27.0,BOS,C,13.0,1.0,8.5,1.1,2.3,0.467,0.2,1.1,0.214,0.8,1.2,0.688,0.517,0.0,0.0,0.0,0.8,1.2,1.9,0.4,0.5,0.2,0.4,0.7,2.4,0.1846153846153846,0.2823529411764706
Chris Boucher,33.0,BOS,PF,8.0,0.0,11.4,0.9,2.8,0.318,0.1,1.5,0.083,0.8,1.3,0.6,0.341,0.4,0.5,0.75,0.3,2.0,2.3,0.4,0.6,0.9,0.1,2.0,2.3,0.2875,0.20175438596491227
Yang Hansen,20.0,POR,C,26.0,1.0,8.3,0.8,2.7,0.286,0.2,1.2,0.156,0.6,1.5,0.395,0.321,0.6,0.6,0.938,0.4,1.3,1.7,0.7,0.1,0.3,0.9,1.2,2.3,0.08846153846153845,0.2771084337349397
Caleb Houstan,23.0,ATL,SF,10.0,0.0,4.9,0.7,1.5,0.467,0.6,1.2,0.5,0.1,0.3,0.333,0.667,0.3,0.3,1.0,0.4,0.1,0.5,0.2,0.1,0.1,0.4,0.6,2.3,0.22999999999999998,0.4693877551020407
Kevin McCullar Jr.,24.0,NYK,SF,12.0,0.0,7.3,0.8,1.9,0.435,0.5,1.2,0.429,0.3,0.8,0.444,0.565,0.2,0.4,0.4,0.7,1.0,1.7,1.3,0.3,0.0,0.7,1.2,2.3,0.19166666666666665,0.3150684931506849
Luke Travers,24.0,CLE,SG,12.0,0.0,8.6,0.8,3.0,0.25,0.1,1.3,0.063,0.7,1.7,0.4,0.264,0.8,0.8,1.0,0.8,1.3,2.0,0.8,0.6,0.3,0.3,0.5,2.3,0.19166666666666665,0.26744186046511625
Hunter Tyson,25.0,DEN,PF,18.0,2.0,8.0,0.7,2.8,0.26,0.3,1.7,0.194,0.4,1.1,0.368,0.32,0.5,0.6,0.818,0.2,1.5,1.7,0.8,0.1,0.1,0.2,0.7,2.3,0.12777777777777777,0.2875
Jordan McLaughlin,29.0,SAS,PG,19.0,0.0,6.1,0.8,1.8,0.429,0.4,1.0,0.368,0.4,0.8,0.5,0.529,0.2,0.3,0.8,0.2,0.5,0.7,0.8,0.5,0.0,0.4,0.4,2.2,0.11578947368421054,0.3606557377049181
Amir Coffey,28.0,MIL,SG,26.0,0.0,8.2,0.7,1.7,0.409,0.2,0.8,0.227,0.5,0.8,0.591,0.466,0.5,0.5,0.929,0.2,0.6,0.8,0.3,0.1,0.1,0.2,0.4,2.1,0.08076923076923077,0.25609756097560976
Jeff Green,39.0,HOU,PF,15.0,0.0,4.4,0.8,1.7,0.48,0.5,1.1,0.471,0.3,0.5,0.5,0.64,0.0,0.0,0.0,0.1,0.5,0.5,0.1,0.0,0.1,0.1,0.3,2.1,0.14,0.47727272727272724
Johnny Juzang,24.0,MIN,SG,17.0,0.0,3.9,0.8,1.9,0.438,0.3,1.2,0.25,0.5,0.7,0.75,0.516,0.2,0.2,0.75,0.3,0.5,0.8,0.4,0.1,0.0,0.2,0.2,2.1,0.12352941176470589,0.5384615384615385
Maxi Kleber,34.0,LAL,PF,20.0,1.0,11.5,0.7,2.0,0.325,0.2,0.9,0.235,0.5,1.2,0.391,0.375,0.6,0.7,0.786,0.7,1.2,1.9,0.7,0.3,0.3,0.4,1.6,2.1,0.10500000000000001,0.1826086956521739
Lindy Waters III,28.0,SAS,SG,26.0,0.0,7.2,0.7,2.1,0.352,0.6,1.8,0.319,0.2,0.3,0.571,0.491,0.0,0.0,1.0,0.1,0.7,0.8,0.4,0.2,0.0,0.1,0.7,2.1,0.08076923076923077,0.2916666666666667
Patrick Baldwin Jr.,23.0,LAC,SF,1.0,0.0,5.0,0.0,1.0,0.0,0.0,1.0,0.0,0.0,0.0,0.0,0.0,2.0,2.0,1.0,0.0,0.0,0.0,0.0,0.0,0.0,0.0,1.0,2.0,2.0,0.4
Koby Brea,23.0,PHO,SG,2.0,0.0,4.0,0.5,1.5,0.333,0.0,1.0,0.0,0.5,0.5,1.0,0.333,1.0,1.0,1.0,0.0,0.5,0.5,1.0,0.0,0.0,0.0,0.0,2.0,1.0,0.5
JD Davison,23.0,HOU,PG,20.0,0.0,7.2,0.7,2.0,0.359,0.3,1.1,0.286,0.4,0.9,0.444,0.436,0.3,0.5,0.556,0.1,0.7,0.8,1.0,0.3,0.2,0.3,0.6,2.0,0.1,0.2777777777777778
Hunter Dickinson,25.0,NOP,C,1.0,0.0,5.0,1.0,2.0,0.5,0.0,0.0,0.0,1.0,2.0,0.5,0.5,0.0,0.0,0.0,0.0,0.0,0.0,0.0,0.0,1.0,2.0,2.0,2.0,2.0,0.4
Trentyn Flowers,20.0,CHI,SF,2.0,0.0,3.0,1.0,1.5,0.667,0.0,0.5,0.0,1.0,1.0,1.0,0.667,0.0,0.0,0.0,0.5,0.0,0.5,0.5,0.0,0.0,0.5,0.5,2.0,1.0,0.6666666666666666
Colby Jones,23.0,DET,SG,1.0,0.0,7.0,1.0,3.0,0.333,0.0,2.0,0.0,1.0,1.0,1.0,0.333,0.0,0.0,0.0,0.0,4.0,4.0,2.0,0.0,0.0,0.0,1.0,2.0,2.0,0.2857142857142857
Isaiah Livers,27.0,PHO,PF,23.0,0.0,10.2,0.7,1.9,0.372,0.4,1.3,0.323,0.3,0.5,0.5,0.488,0.2,0.3,0.833,0.6,1.3,1.9,0.7,0.4,0.3,0.4,1.0,2.0,0.08695652173913043,0.19607843137254904
Wendell Moore Jr.,24.0,DET,SG,3.0,0.0,14.3,1.0,2.0,0.5,0.0,0.3,0.0,1.0,1.7,0.6,0.5,0.0,0.0,0.0,0.3,1.0,1.3,1.0,0.7,0.3,0.3,0.3,2.0,0.6666666666666666,0.13986013986013984
Daeqwon Plowden,27.0,SAC,SG,1.0,0.0,14.0,1.0,5.0,0.2,0.0,3.0,0.0,1.0,2.0,0.5,0.2,0.0,0.0,0.0,2.0,0.0,2.0,0.0,0.0,0.0,0.0,0.0,2.0,2.0,0.14285714285714285
Oscar Tshiebwe,26.0,UTA,C,1.0,0.0,15.0,1.0,4.0,0.25,0.0,0.0,0.0,1.0,4.0,0.25,0.25,0.0,1.0,0.0,2.0,4.0,6.0,1.0,1.0,0.0,0.0,2.0,2.0,2.0,0.13333333333333333
Jahmir Young,25.0,MIA,PG,5.0,0.0,4.8,0.8,2.2,0.364,0.4,1.0,0.4,0.4,1.2,0.333,0.455,0.0,0.0,0.0,0.0,0.4,0.4,0.8,0.2,0.0,0.4,0.6,2.0,0.4,0.4166666666666667
Javonte Cooke,26.0,POR,SG,9.0,0.0,6.8,0.8,2.9,0.269,0.3,1.7,0.2,0.4,1.2,0.364,0.327,0.0,0.0,0.0,0.2,0.9,1.1,0.8,0.6,0.0,0.6,0.3,1.9,0.2111111111111111,0.27941176470588236
Mohamed Diawara,20.0,NYK,SF,36.0,5.0,5.1,0.7,1.8,0.4,0.4,1.0,0.389,0.3,0.8,0.414,0.508,0.1,0.2,0.5,0.3,0.8,1.0,0.5,0.2,0.1,0.3,0.5,1.9,0.05277777777777778,0.37254901960784315
Ron Harper Jr.,25.0,BOS,SF,7.0,0.0,5.0,0.7,2.3,0.313,0.4,1.7,0.25,0.3,0.6,0.5,0.406,0.0,0.0,0.0,0.4,0.4,0.9,0.6,0.1,0.4,0.1,0.4,1.9,0.2714285714285714,0.38
Mason Plumlee,35.0,CHO,C,14.0,2.0,8.9,0.6,0.9,0.75,0.0,0.0,0.0,0.6,0.9,0.75,0.75,0.6,0.9,0.667,0.7,2.1,2.9,1.1,0.4,0.0,0.6,0.7,1.9,0.1357142857142857,0.21348314606741572
Andre Jackson Jr.,24.0,MIL,SG,19.0,0.0,6.7,0.5,1.8,0.294,0.3,1.2,0.227,0.3,0.6,0.417,0.368,0.5,0.5,0.9,0.3,0.5,0.8,1.1,0.3,0.1,0.4,1.0,1.8,0.09473684210526316,0.26865671641791045
Kam Jones,23.0,IND,SG,12.0,0.0,7.3,0.8,2.3,0.357,0.1,0.8,0.1,0.8,1.5,0.5,0.375,0.0,0.2,0.0,0.3,0.5,0.8,0.9,0.3,0.0,0.3,0.3,1.8,0.15,0.24657534246575344
E.J. Liddell,25.0,BRK,PF,8.0,0.0,4.4,0.6,1.5,0.417,0.3,1.0,0.25,0.4,0.5,0.75,0.5,0.3,0.4,0.667,0.4,0.8,1.1,0.0,0.0,0.0,0.0,0.5,1.8,0.225,0.40909090909090906
Cody Martin,30.0,IND,SF,4.0,0.0,13.8,0.5,2.5,0.2,0.0,1.3,0.0,0.5,1.3,0.4,0.2,0.8,1.5,0.5,0.3,3.3,3.5,0.5,1.0,0.5,1.0,1.3,1.8,0.45,0.13043478260869565
Orlando Robinson,25.0,ORL,C,4.0,1.0,6.3,0.8,1.3,0.6,0.3,0.5,0.5,0.5,0.8,0.667,0.7,0.0,0.0,0.0,0.5,0.5,1.0,0.8,0.3,0.0,0.0,0.8,1.8,0.45,0.28571428571428575
Chris Youngblood,23.0,OKC,SG,29.0,0.0,5.0,0.6,1.6,0.348,0.5,1.4,0.341,0.1,0.2,0.4,0.5,0.2,0.2,1.0,0.2,0.6,0.8,0.2,0.1,0.0,0.0,0.7,1.8,0.06206896551724138,0.36
Harrison Ingram,23.0,SAS,SF,3.0,0.0,3.7,0.7,1.0,0.667,0.3,0.3,1.0,0.3,0.7,0.5,0.833,0.0,0.0,0.0,1.0,0.0,1.0,0.0,0.0,0.0,0.0,0.7,1.7,0.5666666666666667,0.45945945945945943
AJ Johnson,21.0,WAS,SG,23.0,0.0,7.1,0.7,2.7,0.258,0.2,0.8,0.211,0.5,1.9,0.279,0.29,0.1,0.2,0.75,0.3,0.8,1.1,0.6,0.2,0.0,0.5,0.4,1.7,0.07391304347826087,0.23943661971830987
Taelon Peter,23.0,IND,SG,22.0,0.0,6.3,0.5,1.8,0.3,0.5,1.7,0.27,0.1,0.1,0.667,0.425,0.2,0.3,0.667,0.3,0.8,1.0,0.7,0.3,0.1,0.5,0.4,1.7,0.07727272727272727,0.2698412698412698
Thanasis Antetokounmpo,33.0,MIL,SF,14.0,0.0,3.1,0.6,1.0,0.571,0.0,0.1,0.0,0.6,0.9,0.615,0.571,0.4,0.6,0.667,0.2,0.2,0.4,0.1,0.4,0.2,0.2,0.6,1.6,0.1142857142857143,0.5161290322580645
Ariel Hukporti,23.0,NYK,C,30.0,4.0,8.9,0.6,1.1,0.529,0.0,0.0,0.0,0.6,1.1,0.545,0.529,0.4,0.7,0.65,1.0,1.7,2.8,0.6,0.2,0.6,0.5,1.2,1.6,0.05333333333333334,0.1797752808988764
Jacob Toppin,25.0,ATL,SF,5.0,0.0,3.4,0.8,1.2,0.667,0.0,0.0,0.0,0.8,1.2,0.667,0.667,0.0,0.0,0.0,0.0,0.2,0.2,0.2,0.0,0.2,0.0,0.2,1.6,0.32,0.4705882352941177
LJ Cryer,24.0,GSW,PG,2.0,0.0,2.5,0.5,1.5,0.333,0.5,1.0,0.5,0.0,0.5,0.0,0.5,0.0,0.0,0.0,0.0,0.0,0.0,0.0,0.0,0.0,0.0,0.5,1.5,0.75,0.6
Tyson Etienne,26.0,BRK,PG,8.0,0.0,4.3,0.5,1.9,0.267,0.5,1.6,0.308,0.0,0.3,0.0,0.4,0.0,0.0,0.0,0.0,0.0,0.0,0.1,0.0,0.0,0.1,0.6,1.5,0.1875,0.3488372093023256
Anthony Gill,33.0,WAS,PF,21.0,0.0,4.3,0.6,0.9,0.632,0.1,0.3,0.429,0.4,0.6,0.75,0.711,0.2,0.2,1.0,0.3,0.6,0.9,0.1,0.0,0.1,0.3,0.3,1.5,0.07142857142857142,0.3488372093023256
Bronny James,21.0,LAL,SG,24.0,1.0,6.9,0.5,1.7,0.325,0.3,0.9,0.333,0.3,0.8,0.316,0.413,0.1,0.1,1.0,0.2,0.3,0.4,1.1,0.4,0.0,0.5,0.5,1.5,0.0625,0.21739130434782608
Curtis Jones,24.0,DEN,SG,6.0,0.0,5.2,0.7,2.3,0.286,0.2,1.5,0.111,0.5,0.8,0.6,0.321,0.0,0.0,0.0,0.2,0.7,0.8,0.5,0.0,0.0,0.2,0.5,1.5,0.25,0.28846153846153844
Jonathan Mogbo,24.0,TOR,PF,20.0,0.0,6.8,0.7,1.4,0.519,0.0,0.0,0.0,0.7,1.4,0.519,0.519,0.1,0.3,0.4,0.6,1.3,1.9,0.5,0.1,0.2,0.3,0.7,1.5,0.075,0.22058823529411764
Johni Broome,23.0,PHI,C,7.0,0.0,5.7,0.6,2.9,0.2,0.0,0.4,0.0,0.6,2.4,0.235,0.2,0.3,0.6,0.5,0.9,1.0,1.9,0.6,0.3,0.0,0.3,0.7,1.4,0.19999999999999998,0.24561403508771928
Nigel Hayes-Davis,31.0,PHO,SF,23.0,0.0,7.8,0.7,1.9,0.349,0.1,0.7,0.133,0.6,1.2,0.464,0.372,0.0,0.1,0.5,0.5,0.8,1.3,0.3,0.3,0.0,0.3,0.7,1.4,0.0608695652173913,0.1794871794871795
Isaac Jones,25.0,2TM,PF,4.0,1.0,4.5,0.5,1.0,0.5,0.0,0.5,0.0,0.5,0.5,1.0,0.5,0.3,0.5,0.5,0.5,0.0,0.5,0.3,0.0,0.0,0.0,1.0,1.3,0.325,0.2888888888888889
Isaac Jones,25.0,SAC,PF,3.0,1.0,5.7,0.3,0.7,0.5,0.0,0.3,0.0,0.3,0.3,1.0,0.5,0.3,0.7,0.5,0.7,0.0,0.7,0.3,0.0,0.0,0.0,1.3,1.0,0.3333333333333333,0.17543859649122806
Isaac Jones,25.0,DET,PF,1.0,0.0,1.0,1.0,2.0,0.5,0.0,1.0,0.0,1.0,1.0,1.0,0.5,0.0,0.0,0.0,0.0,0.0,0.0,0.0,0.0,0.0,0.0,0.0,2.0,2.0,2.0
Brooks Barnhizer,23.0,OKC,SG,23.0,0.0,7.8,0.5,1.2,0.444,0.0,0.3,0.167,0.5,0.9,0.524,0.463,0.2,0.3,0.667,0.3,1.5,1.8,0.4,0.2,0.1,0.2,0.6,1.3,0.05652173913043478,0.16666666666666669
Khaman Maluach,19.0,PHO,C,18.0,0.0,4.7,0.4,1.1,0.4,0.0,0.3,0.0,0.4,0.8,0.533,0.4,0.4,0.4,0.875,0.3,0.7,1.0,0.2,0.1,0.4,0.5,0.8,1.3,0.07222222222222223,0.2765957446808511
Adou Thiero,21.0,LAL,SF,15.0,0.0,5.8,0.5,1.2,0.389,0.0,0.1,0.0,0.5,1.1,0.412,0.389,0.4,0.5,0.75,0.5,0.7,1.2,0.3,0.3,0.1,0.3,1.0,1.3,0.08666666666666667,0.22413793103448276
Trey Jemison,26.0,NYK,C,6.0,0.0,6.3,0.5,0.5,1.0,0.0,0.0,0.0,0.5,0.5,1.0,1.0,0.2,0.2,1.0,0.8,0.8,1.7,0.2,0.0,0.3,0.5,1.0,1.2,0.19999999999999998,0.19047619047619047
Amari Williams,24.0,BOS,PF,10.0,1.0,6.2,0.3,0.4,0.75,0.0,0.0,0.0,0.3,0.4,0.75,0.75,0.5,0.7,0.714,0.3,1.0,1.3,0.3,0.1,0.6,0.2,0.8,1.1,0.11000000000000001,0.1774193548387097
Kyle Lowry,39.0,PHI,PG,6.0,0.0,7.5,0.3,1.3,0.25,0.3,1.3,0.25,0.0,0.0,0.0,0.375,0.0,0.0,0.0,0.0,0.5,0.5,1.2,0.2,0.0,0.3,0.5,1.0,0.16666666666666666,0.13333333333333333
Hunter Sallis,22.0,PHI,SG,7.0,0.0,3.7,0.4,0.7,0.6,0.0,0.0,0.0,0.4,0.7,0.6,0.6,0.1,0.3,0.5,0.0,0.1,0.1,0.6,0.0,0.1,0.7,0.3,1.0,0.14285714285714285,0.27027027027027023
Dario Šarić,31.0,SAC,C,5.0,0.0,8.2,0.2,1.2,0.167,0.2,0.6,0.333,0.0,0.6,0.0,0.25,0.4,0.4,1.0,0.2,1.0,1.2,0.4,0.0,0.0,0.4,0.6,1.0,0.2,0.12195121951219513
Jahmai Mashack,23.0,MEM,SG,7.0,0.0,3.6,0.3,1.1,0.25,0.3,0.9,0.333,0.0,0.3,0.0,0.375,0.0,0.0,0.0,0.0,0.7,0.7,0.3,0.1,0.0,0.4,0.1,0.9,0.1285714285714286,0.25
Bismack Biyombo,33.0,SAS,C,11.0,1.0,5.9,0.4,0.5,0.667,0.0,0.0,0.0,0.4,0.5,0.667,0.667,0.1,0.2,0.5,0.2,0.5,0.6,0.3,0.3,0.1,0.3,0.9,0.8,0.07272727272727274,0.13559322033898305
N'Faly Dante,24.0,ATL,C,4.0,0.0,3.8,0.3,1.0,0.25,0.0,0.0,0.0,0.3,1.0,0.25,0.25,0.3,0.3,1.0,0.8,1.0,1.8,0.0,0.5,0.0,0.3,0.3,0.8,0.2,0.2105263157894737
Drew Peterson,26.0,CHO,PF,6.0,0.0,10.7,0.3,2.7,0.125,0.0,2.0,0.0,0.3,0.7,0.5,0.125,0.2,0.3,0.5,0.5,1.0,1.5,0.3,0.5,0.2,0.0,0.5,0.8,0.13333333333333333,0.07476635514018692
Sharife Cooper,24.0,WAS,PG,5.0,0.0,3.8,0.2,0.4,0.5,0.2,0.4,0.5,0.0,0.0,0.0,0.75,0.0,0.0,0.0,0.0,0.0,0.0,0.2,0.2,0.0,0.4,0.4,0.6,0.12,0.15789473684210525
Joe Ingles,38.0,MIN,SF,13.0,0.0,4.2,0.2,0.4,0.4,0.1,0.3,0.25,0.1,0.1,1.0,0.5,0.2,0.2,1.0,0.0,0.4,0.4,0.8,0.5,0.0,0.4,0.5,0.5,0.038461538461538464,0.11904761904761904
Pacome Dadiet,20.0,NYK,SG,18.0,0.0,3.2,0.1,0.5,0.222,0.0,0.3,0.0,0.1,0.2,0.5,0.222,0.2,0.2,1.0,0.1,0.6,0.6,0.4,0.1,0.0,0.0,0.2,0.4,0.022222222222222223,0.125
Lachlan Olbrich,22.0,CHI,C,10.0,0.0,7.3,0.2,0.9,0.222,0.0,0.4,0.0,0.2,0.5,0.4,0.222,0.0,0.2,0.0,0.7,1.4,2.1,0.9,0.0,0.0,0.4,1.6,0.4,0.04,0.05479452054794521
Garrett Temple,39.0,TOR,SG,12.0,0.0,2.8,0.1,0.6,0.143,0.1,0.4,0.2,0.0,0.2,0.0,0.214,0.1,0.2,0.5,0.0,0.3,0.3,0.3,0.3,0.1,0.3,0.2,0.3,0.024999999999999998,0.10714285714285715
Jahmyl Telfort,24.0,LAC,PF,8.0,0.0,4.0,0.0,0.5,0.0,0.0,0.5,0.0,0.0,0.0,0.0,0.0,0.1,0.5,0.25,0.0,0.4,0.4,0.1,0.1,0.0,0.1,0.6,0.1,0.0125,0.025
Mo Bamba,27.0,TOR,C,2.0,0.0,3.0,0.0,1.0,0.0,0.0,0.0,0.0,0.0,1.0,0.0,0.0,0.0,0.0,0.0,0.5,0.5,1.0,0.0,0.0,0.5,0.0,1.0,0.0,0.0,0.0
Isaiah Crawford,24.0,HOU,SF,2.0,0.0,2.5,0.0,0.5,0.0,0.0,0.5,0.0,0.0,0.0,0.0,0.0,0.0,0.0,0.0,0.0,0.0,0.0,0.0,0.0,0.0,0.0,0.0,0.0,0.0,0.0
Noa Essengue,19.0,CHI,PF,2.0,0.0,3.0,0.0,1.5,0.0,0.0,1.0,0.0,0.0,0.5,0.0,0.0,0.0,0.0,0.0,0.0,0.0,0.0,0.0,0.5,0.0,0.0,0.5,0.0,0.0,0.0
Tosan Evbuomwan,24.0,NYK,SF,5.0,0.0,1.6,0.0,0.2,0.0,0.0,0.0,0.0,0.0,0.2,0.0,0.0,0.0,0.0,0.0,0.2,0.2,0.4,0.0,0.0,0.0,0.0,0.2,0.0,0.0,0.0
Vladislav Goldin,24.0,MIA,C,1.0,0.0,1.0,0.0,0.0,0.0,0.0,0.0,0.0,0.0,0.0,0.0,0.0,0.0,0.0,0.0,0.0,0.0,0.0,1.0,0.0,0.0,0.0,0.0,0.0,0.0,0.0
Chucky Hepburn,22.0,TOR,PG,2.0,0.0,6.5,0.0,3.0,0.0,0.0,2.5,0.0,0.0,0.5,0.0,0.0,0.0,0.0,0.0,0.0,0.5,0.5,1.0,0.5,0.0,0.5,1.0,0.0,0.0,0.0
Malevy Leons,26.0,GSW,SF,2.0,0.0,2.5,0.0,0.5,0.0,0.0,0.0,0.0,0.0,0.5,0.0,0.0,0.0,0.0,0.0,0.5,1.0,1.5,0.0,0.0,0.0,0.5,0.5,0.0,0.0,0.0
Chris Mañon,24.0,LAL,SG,4.0,0.0,3.5,0.0,0.3,0.0,0.0,0.3,0.0,0.0,0.0,0.0,0.0,0.0,0.0,0.0,0.3,0.5,0.8,0.0,0.3,0.5,0.0,0.8,0.0,0.0,0.0
League Average,,,,,,,,,0.469,,,0.359,,,0.547,0.544,,,0.786,,,,,,,,,,,
